,freelancer_ID,name,gender,age,country,language,primary_skill,years_of_experience,hourly_rate (USD),rating,is_active,client_satisfaction,exp_group,age_group
0,250001,Ms. Nicole Kidd,F,52.0,Italy,Italian,Blockchain Development,11.0,100.0,2.6,0,79.0,Junior,50s
1,250002,Vanessa Garcia,F,52.0,Australia,English,Mobile Apps,34.0,100.0,3.3,1,84.0,Veteran,50s
2,250003,Juan Nelson,M,53.0,Germany,German,Graphic Design,31.0,50.0,0.0,0,71.0,Veteran,50s
3,250004,Amanda Spencer,F,38.0,Australia,English,Web Development,4.0,40.0,1.5,0,90.0,Junior,30s
4,250005,Lynn Curtis Dds,F,53.0,Germany,German,Web Development,27.0,30.0,4.8,0,83.0,Veteran,50s
5,250006,Lisa Johnson,F,59.0,Netherlands,Dutch,Ai,14.0,30.0,2.4,0,79.0,Junior,50s
6,250007,Eric Myers,M,52.0,Indonesia,Indonesian,Data Analysis,10.0,75.0,3.1,0,94.0,Junior,50s
7,250008,Ricky Graham,M,43.0,Italy,Italian,Blockchain Development,14.0,40.0,4.6,0,94.0,Junior,40s
8,250009,Sean Martin,M,26.0,United States,English,Blockchain Development,4.0,40.0,4.0,1,76.0,Junior,20s
9,250010,Matthew Lloyd,M,52.0,Turkey,Turkish,Ai,22.0,50.0,2.6,1,79.0,Professional,50s
10,250011,Gavin Randall,M,40.0,United Kingdom,English,Data Analysis,17.0,40.0,3.6,1,77.0,Mid,40s
11,250012,Michelle Curtis,F,55.0,Argentina,Spanish,Ui/Ux Design,15.0,40.0,2.6,1,86.0,Junior,50s
12,250013,Alice Schneider,F,57.0,United Kingdom,English,Cybersecurity,18.0,40.0,2.0,0,86.0,Mid,50s
13,250014,Phillip Shelton,M,38.0,Argentina,Spanish,Graphic Design,20.0,75.0,2.9,1,93.0,Mid,30s
14,250015,Edward Ferguson,M,50.0,Germany,German,Data Analysis,22.0,75.0,3.7,1,70.0,Professional,50s
15,250016,Wyatt Stout,M,42.0,Japan,Japanese,Data Analysis,0.0,30.0,1.2,0,69.0,Beginner,40s
16,250017,Laura Johnson,F,39.0,Australia,English,Devops,13.0,30.0,2.5,0,60.0,Junior,30s
17,250018,Scott Burns,M,41.0,India,Hindi,Blockchain Development,12.0,40.0,2.6,0,87.0,Junior,40s
18,250019,Tyler Aguirre,M,56.0,United States,English,Ui/Ux Design,31.0,50.0,1.1,0,75.0,Veteran,50s
19,250020,Matthew Lawson,M,57.0,Italy,Italian,Web Development,3.0,100.0,1.8,1,68.0,Junior,50s
20,250021,James Cherry,M,41.0,Indonesia,Indonesian,Ai,9.0,50.0,1.8,0,65.0,Junior,40s
21,250022,Samuel Sanford,M,41.0,Japan,Japanese,Devops,12.0,40.0,2.4,0,69.0,Junior,40s
22,250023,Cesar Greene,M,51.0,Brazil,Portuguese,Cybersecurity,21.0,30.0,4.7,0,79.0,Professional,50s
23,250024,Melanie Carter,F,51.0,South Korea,Korean,Machine Learning,15.0,50.0,1.3,1,100.0,Junior,50s
24,250025,Jennifer Martin,F,54.0,Indonesia,Indonesian,Machine Learning,13.0,75.0,2.9,0,92.0,Junior,50s
25,250026,Anna Mccann,F,22.0,South Korea,Korean,Devops,0.0,30.0,1.2,1,70.0,Beginner,20s
26,250027,Marissa Bass,F,34.0,Japan,Japanese,Blockchain Development,8.0,20.0,0.0,1,89.0,Junior,30s
27,250028,Alexis Day,F,36.0,Russia,Russian,Graphic Design,11.0,40.0,1.8,1,86.0,Junior,30s
28,250029,Megan Jones,F,47.0,Canada,English,Ai,22.0,30.0,1.3,0,62.0,Professional,40s
29,250030,Lori Smith,F,41.0,Netherlands,Dutch,Data Analysis,14.0,75.0,1.2,0,79.0,Junior,40s
30,250031,Eric Carpenter,M,22.0,Netherlands,Dutch,Devops,4.0,40.0,1.0,1,79.0,Junior,20s
31,250032,Timothy Daniels,M,38.0,France,French,Machine Learning,19.0,100.0,4.2,0,68.0,Mid,30s
32,250033,Robert Nelson,M,46.0,Egypt,Arabic,Ai,9.0,20.0,1.4,1,76.0,Junior,40s
33,250034,Michael Anderson,M,41.0,South Korea,Korean,Ai,9.0,40.0,2.4,1,82.0,Junior,40s
34,250035,Jessica Snyder,F,54.0,United States,English,Web Development,32.0,75.0,1.0,1,81.0,Veteran,50s
35,250036,Emily Daniels,F,52.0,South Korea,Korean,Web Development,28.0,20.0,2.6,0,79.0,Veteran,50s
36,250037,Jamie Ramirez,F,42.0,Japan,Japanese,Mobile Apps,6.0,40.0,2.6,0,63.0,Junior,40s
37,250038,Amy Harrison,F,29.0,Netherlands,Dutch,Graphic Design,10.0,40.0,2.2,0,67.0,Junior,20s
38,250039,Melinda White,F,42.0,South Africa,Afrikaans,Mobile Apps,23.0,50.0,3.2,1,79.0,Professional,40s
39,250040,James Hernandez,M,60.0,Japan,Japanese,Web Development,13.0,20.0,3.6,0,80.0,Junior,50s
40,250041,Angelica Rogers,F,59.0,United Kingdom,English,Ai,3.0,50.0,0.0,0,79.0,Junior,50s
41,250042,Savannah Williams,F,21.0,Canada,English,Web Development,0.0,30.0,2.7,1,84.0,Beginner,20s
42,250043,Kaitlyn Schmidt,F,35.0,Germany,German,Devops,10.0,50.0,0.0,0,79.0,Junior,30s
43,250044,Jason Singh,M,41.0,United Kingdom,English,Data Analysis,12.0,20.0,2.8,1,63.0,Junior,40s
44,250045,Michelle Ramirez,F,51.0,Netherlands,Dutch,Machine Learning,23.0,20.0,2.5,0,80.0,Professional,50s
45,250046,James Brown,M,41.0,South Africa,Afrikaans,Web Development,9.0,75.0,4.9,1,74.0,Junior,40s
46,250047,Mrs. Samantha Simmons,F,47.0,Egypt,Arabic,Devops,15.0,30.0,4.5,1,85.0,Junior,40s
47,250048,Chase Mason,M,25.0,China,Mandarin,Graphic Design,4.0,50.0,2.7,0,77.0,Junior,20s
48,250049,Dominique Ward,F,25.0,Mexico,Spanish,Mobile Apps,7.0,20.0,1.9,0,79.0,Junior,20s
49,250050,Lance Griffin,M,29.0,Netherlands,Dutch,Ui/Ux Design,1.0,20.0,1.4,1,63.0,Beginner,20s
50,250051,Julie Burgess,F,23.0,Argentina,Spanish,Cybersecurity,0.0,75.0,1.9,1,79.0,Beginner,20s
51,250052,Don Scott,M,31.0,France,French,Data Analysis,8.0,50.0,3.4,0,79.0,Junior,30s
52,250053,Kyle Atkinson,M,51.0,Germany,German,Machine Learning,33.0,75.0,3.3,0,68.0,Veteran,50s
53,250054,Jimmy Hogan,M,26.0,Spain,Spanish,Ui/Ux Design,1.0,30.0,0.0,0,68.0,Beginner,20s
54,250055,Jennifer Mcintyre,F,29.0,Turkey,Turkish,Cybersecurity,11.0,100.0,2.3,1,72.0,Junior,20s
55,250056,Larry Simpson,M,50.0,United Kingdom,English,Ai,15.0,40.0,2.0,1,65.0,Junior,50s
56,250057,Laura Price,F,26.0,United Kingdom,English,Devops,8.0,50.0,1.3,0,76.0,Junior,20s
57,250058,Mark Wright,M,38.0,Canada,English,Ai,17.0,40.0,4.0,1,90.0,Mid,30s
58,250059,Samantha Mcdaniel,F,41.0,India,Hindi,Mobile Apps,12.0,75.0,3.6,1,65.0,Junior,40s
59,250060,Barbara Foster,F,51.0,South Africa,Afrikaans,Devops,28.0,40.0,3.9,0,63.0,Veteran,50s
60,250061,Courtney Tran,F,51.0,Indonesia,Indonesian,Ai,33.0,75.0,0.0,1,79.0,Veteran,50s
61,250062,Eddie Todd,M,47.0,Germany,German,Ai,18.0,75.0,0.0,0,79.0,Mid,40s
62,250063,Christine Johnson,F,34.0,Russia,Russian,Ui/Ux Design,16.0,20.0,2.3,1,93.0,Mid,30s
63,250064,Leah Phelps,F,58.0,Indonesia,Indonesian,Data Analysis,35.0,50.0,4.7,0,70.0,Veteran,50s
64,250065,Rebekah Williams,F,50.0,Russia,Russian,Ai,14.0,40.0,3.5,1,83.0,Junior,50s
65,250066,Crystal Wilson,F,34.0,Spain,Spanish,Web Development,12.0,40.0,2.4,1,64.0,Junior,30s
66,250067,Ashley Cordova,F,45.0,Brazil,Portuguese,Ai,11.0,75.0,4.0,0,100.0,Junior,40s
67,250068,Vicki Kelly,F,55.0,Brazil,Portuguese,Web Development,0.0,40.0,0.0,1,79.0,Beginner,50s
68,250069,Corey Warren,M,41.0,Argentina,Spanish,Ui/Ux Design,6.0,100.0,1.5,0,79.0,Junior,40s
69,250070,Gina Thompson,F,60.0,China,Mandarin,Ui/Ux Design,38.0,20.0,2.0,0,71.0,Veteran,50s
70,250071,Yvonne Berg,F,33.0,South Africa,Afrikaans,Mobile Apps,11.0,40.0,2.6,1,84.0,Junior,30s
71,250072,Thomas Miller,M,60.0,Italy,Italian,Devops,13.0,50.0,1.0,0,79.0,Junior,50s
72,250073,Nicholas Burton,M,40.0,United States,English,Web Development,9.0,100.0,4.5,1,69.0,Junior,40s
73,250074,Jorge Riley,M,59.0,Australia,English,Blockchain Development,4.0,40.0,1.9,0,88.0,Junior,50s
74,250075,Melvin Harris,M,36.0,Italy,Italian,Machine Learning,14.0,100.0,3.7,0,79.0,Junior,30s
75,250076,Jeremy Meyer,M,41.0,India,Hindi,Data Analysis,12.0,30.0,1.9,1,96.0,Junior,40s
76,250077,Timothy Lee,M,59.0,Australia,English,Ai,9.0,75.0,4.0,1,96.0,Junior,50s
77,250078,Diana Bautista,F,54.0,Spain,Spanish,Devops,32.0,40.0,1.8,0,79.0,Veteran,50s
78,250079,Leslie Rodriguez,F,37.0,Canada,English,Graphic Design,9.0,40.0,0.0,1,89.0,Junior,30s
79,250080,Noah Wiggins,M,54.0,India,Hindi,Machine Learning,21.0,100.0,4.6,0,79.0,Professional,50s
80,250081,Bridget Williams,F,33.0,Argentina,Spanish,Ui/Ux Design,12.0,100.0,3.6,0,63.0,Junior,30s
81,250082,Veronica Baker,F,25.0,Egypt,Arabic,Web Development,7.0,40.0,4.4,0,81.0,Junior,20s
82,250083,Andrew Avila,M,34.0,China,Mandarin,Devops,3.0,40.0,4.6,0,74.0,Junior,30s
83,250084,Michael Roberson,M,35.0,South Korea,Korean,Web Development,5.0,75.0,3.2,0,72.0,Junior,30s
84,250085,Austin Jenkins,M,59.0,South Korea,Korean,Ai,30.0,40.0,0.0,1,79.0,Veteran,50s
85,250086,Brenda Green,F,21.0,China,Mandarin,Devops,2.0,100.0,2.6,1,85.0,Beginner,20s
86,250087,Samuel Pierce,M,25.0,United States,English,Mobile Apps,2.0,75.0,3.7,0,79.0,Beginner,20s
87,250088,Briana Smith,F,38.0,Mexico,Spanish,Web Development,19.0,75.0,2.3,0,61.0,Mid,30s
88,250089,Ronald Barrett,M,57.0,Russia,Russian,Ai,16.0,100.0,3.1,0,79.0,Mid,50s
89,250090,Matthew Smith,M,32.0,India,Hindi,Mobile Apps,10.0,20.0,2.4,0,86.0,Junior,30s
90,250091,Logan Huang,M,21.0,Italy,Italian,Devops,2.0,100.0,1.6,1,97.0,Beginner,20s
91,250092,Miranda Hutchinson,F,57.0,Canada,English,Cybersecurity,18.0,50.0,2.4,1,63.0,Mid,50s
92,250093,Paul Richardson,M,53.0,China,Mandarin,Ui/Ux Design,21.0,100.0,2.6,1,97.0,Professional,50s
93,250094,Jose Jones,M,35.0,Russia,Russian,Blockchain Development,3.0,30.0,3.8,1,81.0,Junior,30s
94,250095,Denise Smith,F,54.0,China,Mandarin,Machine Learning,17.0,20.0,1.7,0,69.0,Mid,50s
95,250096,Shelby Mcmahon,F,36.0,Italy,Italian,Ui/Ux Design,0.0,20.0,1.3,1,64.0,Beginner,30s
96,250097,Bethany Wright,F,49.0,Spain,Spanish,Cybersecurity,25.0,50.0,5.0,0,77.0,Professional,40s
97,250098,David Ortiz,M,37.0,United States,English,Blockchain Development,17.0,20.0,3.3,0,96.0,Mid,30s
98,250099,Andrew Lynch,M,34.0,United States,English,Ui/Ux Design,5.0,20.0,1.1,0,74.0,Junior,30s
99,250100,Kristopher Meyers,M,32.0,Egypt,Arabic,Ui/Ux Design,10.0,50.0,1.2,0,89.0,Junior,30s
100,250101,Thomas Roth,M,35.0,India,Hindi,Mobile Apps,0.0,40.0,2.0,1,64.0,Beginner,30s
101,250102,Vicki Brown,F,51.0,Russia,Russian,Graphic Design,2.0,30.0,4.5,0,64.0,Beginner,50s
102,250103,Stacy Sutton,F,50.0,Russia,Russian,Devops,30.0,100.0,3.0,1,73.0,Veteran,50s
103,250104,Kimberly Holland,F,21.0,Turkey,Turkish,Blockchain Development,2.0,50.0,4.9,1,68.0,Beginner,20s
104,250105,Travis Richardson,M,25.0,United States,English,Graphic Design,3.0,30.0,2.6,0,88.0,Junior,20s
105,250106,Jasmin Ho,F,57.0,France,French,Devops,21.0,40.0,2.5,0,77.0,Professional,50s
106,250107,Mark Paul,M,58.0,Russia,Russian,Blockchain Development,3.0,40.0,0.0,1,79.0,Junior,50s
107,250108,Jennifer Lewis,F,45.0,Indonesia,Indonesian,Mobile Apps,19.0,40.0,2.6,1,72.0,Mid,40s
108,250109,Elizabeth Lester,F,23.0,United States,English,Web Development,0.0,20.0,4.7,1,60.0,Beginner,20s
109,250110,Kimberly Griffin,F,46.0,United States,English,Ai,9.0,30.0,3.5,0,72.0,Junior,40s
110,250111,Tyler Warner,M,27.0,Argentina,Spanish,Ui/Ux Design,5.0,30.0,2.6,0,92.0,Junior,20s
111,250112,Jane Cox,F,32.0,United States,English,Machine Learning,6.0,50.0,3.4,1,79.0,Junior,30s
112,250113,Leah Williams,F,48.0,Argentina,Spanish,Machine Learning,6.0,75.0,2.5,0,92.0,Junior,40s
113,250114,Kevin Wong,M,30.0,Turkey,Turkish,Mobile Apps,3.0,30.0,1.1,1,79.0,Junior,30s
114,250115,Robert Andrews,M,59.0,Turkey,Turkish,Ai,13.0,20.0,4.8,0,79.0,Junior,50s
115,250116,Jessica Torres,F,32.0,Mexico,Spanish,Ai,5.0,30.0,2.6,0,86.0,Junior,30s
116,250117,Teresa Kim,F,57.0,Egypt,Arabic,Ui/Ux Design,4.0,40.0,3.4,1,68.0,Junior,50s
117,250118,Jon Morgan,M,27.0,Australia,English,Machine Learning,7.0,20.0,3.2,1,62.0,Junior,20s
118,250119,Gloria Chaney,F,33.0,Indonesia,Indonesian,Machine Learning,13.0,20.0,3.2,0,79.0,Junior,30s
119,250120,Jesse Campbell,M,29.0,South Korea,Korean,Data Analysis,4.0,30.0,0.0,1,82.0,Junior,20s
120,250121,Allison Tucker Md,F,36.0,Indonesia,Indonesian,Ui/Ux Design,13.0,75.0,2.6,1,79.0,Junior,30s
121,250122,Candice Petersen,F,47.0,Italy,Italian,Devops,5.0,40.0,3.7,0,93.0,Junior,40s
122,250123,Christopher Nichols,M,48.0,Canada,English,Machine Learning,15.0,50.0,1.0,1,64.0,Junior,40s
123,250124,Debra Garcia,F,27.0,China,Mandarin,Ui/Ux Design,8.0,50.0,0.0,0,79.0,Junior,20s
124,250125,Andrew Fuentes,M,34.0,Australia,English,Web Development,10.0,40.0,1.7,0,96.0,Junior,30s
125,250126,Jason Carter,M,49.0,South Korea,Korean,Data Analysis,19.0,40.0,5.0,1,83.0,Mid,40s
126,250127,Austin Romero,M,30.0,Brazil,Portuguese,Mobile Apps,10.0,100.0,1.7,1,64.0,Junior,30s
127,250128,Clayton Burns,M,31.0,Egypt,Arabic,Graphic Design,8.0,40.0,4.4,0,70.0,Junior,30s
128,250129,Jonathan Clark,M,58.0,China,Mandarin,Machine Learning,9.0,20.0,0.0,0,65.0,Junior,50s
129,250130,Alexander Griffin,M,47.0,France,French,Machine Learning,13.0,40.0,3.4,0,67.0,Junior,40s
130,250131,Shelly Whitehead,F,45.0,United Kingdom,English,Cybersecurity,14.0,100.0,1.1,0,93.0,Junior,40s
131,250132,Kaitlyn Davis,F,57.0,France,French,Machine Learning,0.0,50.0,1.6,0,60.0,Beginner,50s
132,250133,Christopher Jones,M,50.0,India,Hindi,Web Development,22.0,100.0,4.1,0,62.0,Professional,50s
133,250134,Cindy Jacobs,F,34.0,Brazil,Portuguese,Machine Learning,4.0,40.0,2.5,0,70.0,Junior,30s
134,250135,Penny Day,F,45.0,Indonesia,Indonesian,Blockchain Development,22.0,100.0,4.0,1,75.0,Professional,40s
135,250136,Thomas Ingram,M,60.0,South Africa,Afrikaans,Cybersecurity,39.0,75.0,1.4,0,70.0,Veteran,50s
136,250137,Donna Hansen,F,43.0,United Kingdom,English,Cybersecurity,5.0,50.0,2.6,1,84.0,Junior,40s
137,250138,Donna Bailey,F,39.0,France,French,Cybersecurity,5.0,40.0,1.2,0,83.0,Junior,30s
138,250139,Joshua Armstrong,M,26.0,Mexico,Spanish,Ui/Ux Design,5.0,50.0,0.0,0,79.0,Junior,20s
139,250140,Jonathan Garza,M,31.0,Germany,German,Cybersecurity,11.0,50.0,3.1,0,88.0,Junior,30s
140,250141,Charles Jones,M,52.0,France,French,Ui/Ux Design,15.0,50.0,0.0,1,81.0,Junior,50s
141,250142,Lindsey Miles,F,34.0,India,Hindi,Data Analysis,5.0,20.0,2.2,1,80.0,Junior,30s
142,250143,Eduardo Reed,M,45.0,United Kingdom,English,Web Development,7.0,75.0,3.0,1,67.0,Junior,40s
143,250144,Lee Fowler,M,46.0,United Kingdom,English,Cybersecurity,9.0,20.0,0.0,0,82.0,Junior,40s
144,250145,Steven Jones Jr.,M,56.0,France,French,Ui/Ux Design,21.0,100.0,0.0,1,78.0,Professional,50s
145,250146,Ashley Chen,F,59.0,Germany,German,Ai,7.0,40.0,1.4,0,81.0,Junior,50s
146,250147,Erica Davis,F,54.0,Egypt,Arabic,Blockchain Development,4.0,40.0,1.4,1,74.0,Junior,50s
147,250148,Wayne Gonzales,M,36.0,Germany,German,Ui/Ux Design,7.0,30.0,0.0,0,88.0,Junior,30s
148,250149,Gary Ballard,M,25.0,Mexico,Spanish,Data Analysis,0.0,40.0,0.0,0,90.0,Beginner,20s
149,250150,Maria Mcguire,F,37.0,Russia,Russian,Data Analysis,15.0,40.0,2.9,0,79.0,Junior,30s
150,250151,Matthew Richards,M,41.0,Turkey,Turkish,Data Analysis,10.0,40.0,0.0,0,79.0,Junior,40s
151,250152,Patrick Malone,M,29.0,Spain,Spanish,Data Analysis,11.0,20.0,2.7,0,93.0,Junior,20s
152,250153,Cindy Martin,F,55.0,Argentina,Spanish,Mobile Apps,12.0,100.0,1.8,1,79.0,Junior,50s
153,250154,Anne Edwards,F,38.0,Japan,Japanese,Devops,20.0,75.0,1.1,0,71.0,Mid,30s
154,250155,Mitchell Martin,M,47.0,South Korea,Korean,Devops,29.0,40.0,4.3,1,95.0,Veteran,40s
155,250156,Mitchell Patrick,M,60.0,Brazil,Portuguese,Web Development,15.0,100.0,1.5,0,80.0,Junior,50s
156,250157,Rebecca Lyons,F,43.0,Italy,Italian,Data Analysis,9.0,20.0,2.2,0,79.0,Junior,40s
157,250158,Christian Lopez,M,41.0,South Africa,Afrikaans,Data Analysis,12.0,100.0,3.2,0,62.0,Junior,40s
158,250159,Nathan Blair,M,42.0,Russia,Russian,Devops,2.0,50.0,1.9,0,95.0,Beginner,40s
159,250160,Patricia Lopez,F,20.0,Spain,Spanish,Graphic Design,0.0,40.0,2.5,0,79.0,Beginner,20s
160,250161,Michelle Wu,F,47.0,Indonesia,Indonesian,Ui/Ux Design,12.0,40.0,4.5,0,62.0,Junior,40s
161,250162,Donald Mitchell,M,41.0,Argentina,Spanish,Data Analysis,12.0,30.0,4.1,0,68.0,Junior,40s
162,250163,Sean Gordon,M,56.0,Indonesia,Indonesian,Devops,15.0,75.0,0.0,0,79.0,Junior,50s
163,250164,Gregory Clarke,M,59.0,United Kingdom,English,Devops,29.0,75.0,2.6,0,80.0,Veteran,50s
164,250165,Steven Whitney,M,56.0,Japan,Japanese,Cybersecurity,15.0,40.0,3.7,0,92.0,Junior,50s
165,250166,Robin Acosta,F,41.0,South Africa,Afrikaans,Web Development,12.0,75.0,1.3,1,65.0,Junior,40s
166,250167,John Smith,M,60.0,South Korea,Korean,Mobile Apps,33.0,40.0,3.6,1,87.0,Veteran,50s
167,250168,Susan Baker,F,31.0,Canada,English,Web Development,10.0,75.0,0.0,0,70.0,Junior,30s
168,250169,Anthony Larsen,M,60.0,Argentina,Spanish,Cybersecurity,20.0,40.0,1.4,0,87.0,Mid,50s
169,250170,Nicholas Carpenter,M,46.0,France,French,Devops,23.0,20.0,2.9,0,72.0,Professional,40s
170,250171,Debra Salazar,F,41.0,Netherlands,Dutch,Blockchain Development,12.0,40.0,2.8,0,80.0,Junior,40s
171,250172,William Smith,M,34.0,Japan,Japanese,Ui/Ux Design,0.0,20.0,1.7,0,66.0,Beginner,30s
172,250173,Caroline Gross,F,42.0,Netherlands,Dutch,Graphic Design,7.0,40.0,0.0,1,79.0,Junior,40s
173,250174,Jeremy Sawyer,M,31.0,United Kingdom,English,Data Analysis,4.0,75.0,1.1,1,64.0,Junior,30s
174,250175,Eduardo Burns,M,29.0,Brazil,Portuguese,Ui/Ux Design,9.0,20.0,2.6,0,68.0,Junior,20s
175,250176,Amanda Jones,F,57.0,Australia,English,Graphic Design,17.0,20.0,3.6,0,63.0,Mid,50s
176,250177,Frederick Ware,M,47.0,India,Hindi,Devops,8.0,20.0,4.5,1,72.0,Junior,40s
177,250178,Michael Black,M,47.0,South Africa,Afrikaans,Ai,14.0,30.0,0.0,1,86.0,Junior,40s
178,250179,Patricia Sanders,F,45.0,France,French,Graphic Design,21.0,30.0,1.5,1,73.0,Professional,40s
179,250180,Marc Joseph,M,24.0,Turkey,Turkish,Machine Learning,1.0,30.0,3.7,0,95.0,Beginner,20s
180,250181,Vanessa White,F,31.0,Argentina,Spanish,Mobile Apps,12.0,20.0,2.3,0,90.0,Junior,30s
181,250182,Jennifer Garcia,F,20.0,Mexico,Spanish,Graphic Design,2.0,20.0,2.8,0,78.0,Beginner,20s
182,250183,Michael Zavala,M,38.0,Japan,Japanese,Web Development,3.0,30.0,3.5,0,97.0,Junior,30s
183,250184,Kimberly Williams,F,33.0,Germany,German,Ui/Ux Design,11.0,40.0,0.0,1,65.0,Junior,30s
184,250185,Elizabeth Jenkins,F,31.0,Australia,English,Web Development,4.0,40.0,3.2,1,78.0,Junior,30s
185,250186,Brandon Ford,M,41.0,Spain,Spanish,Machine Learning,21.0,50.0,3.3,1,65.0,Professional,40s
186,250187,Justin House,M,54.0,Turkey,Turkish,Web Development,0.0,20.0,4.9,0,79.0,Beginner,50s
187,250188,Henry Mullen,M,50.0,Mexico,Spanish,Data Analysis,6.0,30.0,2.2,1,95.0,Junior,50s
188,250189,Jesse Cochran,M,48.0,Brazil,Portuguese,Machine Learning,18.0,40.0,2.6,1,88.0,Mid,40s
189,250190,Melissa Rich,F,41.0,Mexico,Spanish,Graphic Design,12.0,40.0,1.8,0,79.0,Junior,40s
190,250191,Patrick Dunlap,M,21.0,South Korea,Korean,Graphic Design,1.0,75.0,4.6,0,92.0,Beginner,20s
191,250192,Troy Carson,M,58.0,Australia,English,Graphic Design,20.0,75.0,2.8,0,75.0,Mid,50s
192,250193,Matthew Smith,M,41.0,Italy,Italian,Devops,12.0,30.0,1.4,0,74.0,Junior,40s
193,250194,Jennifer Cherry,F,58.0,Russia,Russian,Blockchain Development,25.0,30.0,4.2,1,71.0,Professional,50s
194,250195,Brandi Tucker,F,50.0,South Africa,Afrikaans,Graphic Design,20.0,40.0,3.6,1,89.0,Mid,50s
195,250196,Zachary Burke,M,52.0,Indonesia,Indonesian,Web Development,33.0,100.0,1.6,0,66.0,Veteran,50s
196,250197,Thomas Jones,M,34.0,Netherlands,Dutch,Data Analysis,6.0,100.0,2.0,0,79.0,Junior,30s
197,250198,Brian Dunn,M,32.0,France,French,Machine Learning,11.0,40.0,4.3,1,86.0,Junior,30s
198,250199,Shirley Strickland,F,50.0,India,Hindi,Graphic Design,28.0,100.0,4.9,1,86.0,Veteran,50s
199,250200,Nicole Meyers,F,39.0,Argentina,Spanish,Data Analysis,11.0,100.0,3.5,1,82.0,Junior,30s
200,250201,Jill Stephens,F,25.0,Spain,Spanish,Ai,2.0,100.0,2.5,0,87.0,Beginner,20s
201,250202,Heidi Miranda,F,55.0,China,Mandarin,Machine Learning,7.0,100.0,1.7,1,80.0,Junior,50s
202,250203,Jesus Martinez,M,42.0,Italy,Italian,Devops,10.0,100.0,4.6,1,71.0,Junior,40s
203,250204,Adam Payne,M,43.0,Russia,Russian,Mobile Apps,6.0,50.0,2.6,0,77.0,Junior,40s
204,250205,Walter Williams,M,54.0,Italy,Italian,Devops,29.0,30.0,1.7,0,68.0,Veteran,50s
205,250206,Shannon Farmer,F,21.0,Egypt,Arabic,Graphic Design,0.0,20.0,1.8,0,91.0,Beginner,20s
206,250207,Peter Reyes,M,46.0,Canada,English,Ui/Ux Design,5.0,20.0,2.2,0,75.0,Junior,40s
207,250208,Kristen Knight,F,30.0,Spain,Spanish,Blockchain Development,11.0,40.0,1.0,0,90.0,Junior,30s
208,250209,William Moore Jr.,M,36.0,China,Mandarin,Machine Learning,11.0,75.0,3.2,0,93.0,Junior,30s
209,250210,Jennifer Rowe,F,47.0,Germany,German,Data Analysis,15.0,40.0,2.1,1,94.0,Junior,40s
210,250211,Mikayla Henry,F,43.0,Canada,English,Mobile Apps,1.0,50.0,4.6,1,64.0,Beginner,40s
211,250212,Jacob Kerr,M,57.0,South Korea,Korean,Cybersecurity,8.0,20.0,0.0,1,84.0,Junior,50s
212,250213,Ryan Johnson,M,52.0,Italy,Italian,Machine Learning,30.0,20.0,2.8,0,87.0,Veteran,50s
213,250214,Michael Ruiz,M,41.0,Germany,German,Blockchain Development,8.0,40.0,0.0,0,64.0,Junior,40s
214,250215,Monica Roberts,F,22.0,Indonesia,Indonesian,Machine Learning,0.0,100.0,2.7,1,64.0,Beginner,20s
215,250216,Danny Brown,M,41.0,India,Hindi,Machine Learning,12.0,20.0,0.0,1,80.0,Junior,40s
216,250217,Karen Larsen,F,58.0,Spain,Spanish,Mobile Apps,4.0,50.0,3.1,0,90.0,Junior,50s
217,250218,Robert Evans,M,39.0,South Korea,Korean,Web Development,14.0,100.0,0.0,1,92.0,Junior,30s
218,250219,Sean Poole,M,32.0,Indonesia,Indonesian,Graphic Design,14.0,40.0,2.6,0,96.0,Junior,30s
219,250220,Richard Quinn,M,37.0,Canada,English,Ui/Ux Design,2.0,30.0,2.3,1,79.0,Beginner,30s
220,250221,Jennifer Gonzalez,F,21.0,China,Mandarin,Cybersecurity,2.0,100.0,2.4,1,79.0,Beginner,20s
221,250222,James Skinner,M,41.0,South Korea,Korean,Machine Learning,4.0,75.0,2.6,0,85.0,Junior,40s
222,250223,Michelle Hill,F,21.0,Canada,English,Ai,0.0,40.0,1.1,0,79.0,Beginner,20s
223,250224,Jacqueline Williams,F,58.0,China,Mandarin,Machine Learning,9.0,30.0,0.0,1,65.0,Junior,50s
224,250225,Darrell Johnson,M,60.0,Canada,English,Machine Learning,3.0,40.0,4.7,0,63.0,Junior,50s
225,250226,Ryan Crawford,M,27.0,South Africa,Afrikaans,Web Development,2.0,40.0,1.2,0,79.0,Beginner,20s
226,250227,Chelsea Barber,F,29.0,Germany,German,Machine Learning,10.0,40.0,1.2,0,78.0,Junior,20s
227,250228,Elaine Martinez,F,54.0,Canada,English,Graphic Design,33.0,75.0,0.0,1,62.0,Veteran,50s
228,250229,Joseph Kent,M,52.0,Mexico,Spanish,Machine Learning,12.0,40.0,1.2,0,76.0,Junior,50s
229,250230,Megan Welch,F,55.0,Indonesia,Indonesian,Blockchain Development,18.0,100.0,2.9,0,97.0,Mid,50s
230,250231,Stephen Ramirez,M,37.0,Brazil,Portuguese,Blockchain Development,4.0,40.0,2.6,0,79.0,Junior,30s
231,250232,Chloe Gray,F,34.0,Egypt,Arabic,Data Analysis,11.0,50.0,3.9,1,82.0,Junior,30s
232,250233,Michael Williams Jr.,M,20.0,France,French,Data Analysis,1.0,50.0,3.1,0,71.0,Beginner,20s
233,250234,Matthew Martin,M,22.0,Mexico,Spanish,Ui/Ux Design,2.0,40.0,0.0,1,79.0,Beginner,20s
234,250235,Julia Murphy,F,23.0,South Korea,Korean,Graphic Design,2.0,50.0,3.2,1,79.0,Beginner,20s
235,250236,Anna Evans,F,53.0,South Korea,Korean,Blockchain Development,34.0,30.0,2.6,1,79.0,Veteran,50s
236,250237,Brenda Fleming,F,56.0,South Korea,Korean,Graphic Design,27.0,100.0,4.7,1,69.0,Veteran,50s
237,250238,Daniel Harrington,M,27.0,Canada,English,Ai,4.0,75.0,5.0,0,88.0,Junior,20s
238,250239,Daniel Barnett,M,34.0,Italy,Italian,Mobile Apps,11.0,40.0,2.6,0,67.0,Junior,30s
239,250240,Mark Cummings,M,29.0,United States,English,Web Development,4.0,50.0,4.0,0,79.0,Junior,20s
240,250241,Christopher Guerra,M,34.0,India,Hindi,Ai,11.0,40.0,1.2,1,79.0,Junior,30s
241,250242,Sarah Ho,F,32.0,Mexico,Spanish,Ai,1.0,100.0,4.7,0,67.0,Beginner,30s
242,250243,Veronica Thomas,F,21.0,South Africa,Afrikaans,Machine Learning,2.0,20.0,2.4,0,86.0,Beginner,20s
243,250244,Mitchell Watson,M,20.0,Mexico,Spanish,Graphic Design,2.0,40.0,1.1,0,69.0,Beginner,20s
244,250245,Monica Murphy,F,35.0,United States,English,Mobile Apps,10.0,50.0,1.4,1,85.0,Junior,30s
245,250246,Kristen Williams,F,47.0,United States,English,Ui/Ux Design,18.0,40.0,3.4,0,60.0,Mid,40s
246,250247,Nicole Wright,F,41.0,Turkey,Turkish,Blockchain Development,4.0,40.0,2.7,1,70.0,Junior,40s
247,250248,Andrew Ruiz,M,58.0,Argentina,Spanish,Web Development,23.0,50.0,4.9,0,79.0,Professional,50s
248,250249,Zachary Jackson,M,34.0,China,Mandarin,Data Analysis,6.0,75.0,1.9,1,81.0,Junior,30s
249,250250,Stephanie Carter,F,50.0,India,Hindi,Mobile Apps,5.0,100.0,2.6,1,79.0,Junior,50s
250,250251,Amy Olson,F,42.0,Mexico,Spanish,Devops,19.0,75.0,4.6,0,78.0,Mid,40s
251,250252,Fred Stark,M,43.0,Germany,German,Ui/Ux Design,6.0,50.0,0.0,0,81.0,Junior,40s
252,250253,Jacob Gill,M,34.0,Germany,German,Data Analysis,8.0,75.0,1.8,1,71.0,Junior,30s
253,250254,Anthony Nichols,M,24.0,Spain,Spanish,Mobile Apps,3.0,75.0,2.0,0,79.0,Junior,20s
254,250255,William Knapp,M,48.0,South Africa,Afrikaans,Ui/Ux Design,8.0,30.0,5.0,1,99.0,Junior,40s
255,250256,Elizabeth Walker,F,39.0,South Korea,Korean,Data Analysis,12.0,20.0,3.2,1,66.0,Junior,30s
256,250257,Brenda Reeves,F,57.0,Australia,English,Blockchain Development,30.0,30.0,2.4,0,80.0,Veteran,50s
257,250258,Carrie Little,F,44.0,Canada,English,Web Development,21.0,100.0,2.9,0,83.0,Professional,40s
258,250259,Steven Jackson,M,37.0,Brazil,Portuguese,Ui/Ux Design,17.0,20.0,0.0,1,87.0,Mid,30s
259,250260,Mark Perry,M,50.0,Turkey,Turkish,Data Analysis,9.0,30.0,3.0,0,76.0,Junior,50s
260,250261,Cameron Spencer,M,50.0,Spain,Spanish,Ui/Ux Design,2.0,50.0,1.6,0,89.0,Beginner,50s
261,250262,Jennifer Holmes,F,28.0,France,French,Graphic Design,1.0,20.0,3.6,1,94.0,Beginner,20s
262,250263,Jacob Joseph,M,48.0,Italy,Italian,Web Development,23.0,50.0,2.1,0,68.0,Professional,40s
263,250264,Jeffery Tucker,M,42.0,Germany,German,Devops,8.0,30.0,3.6,1,96.0,Junior,40s
264,250265,Jacqueline Drake,F,37.0,Canada,English,Data Analysis,6.0,20.0,2.7,1,91.0,Junior,30s
265,250266,Brian Bautista,M,21.0,India,Hindi,Blockchain Development,1.0,100.0,2.1,1,92.0,Beginner,20s
266,250267,Dakota Wells,M,50.0,South Korea,Korean,Web Development,19.0,40.0,4.9,0,82.0,Mid,50s
267,250268,Julie White,F,22.0,Argentina,Spanish,Ai,2.0,30.0,2.1,0,79.0,Beginner,20s
268,250269,Barbara Keith,F,39.0,Japan,Japanese,Web Development,21.0,100.0,0.0,0,91.0,Professional,30s
269,250270,Heather Camacho,F,25.0,Japan,Japanese,Machine Learning,3.0,50.0,2.8,1,86.0,Junior,20s
270,250271,Melanie Harris,F,47.0,South Africa,Afrikaans,Mobile Apps,14.0,40.0,2.6,0,69.0,Junior,40s
271,250272,Jacqueline Peterson,F,35.0,South Africa,Afrikaans,Ui/Ux Design,10.0,100.0,4.7,1,84.0,Junior,30s
272,250273,Nancy Long,F,34.0,United Kingdom,English,Cybersecurity,5.0,100.0,1.3,0,60.0,Junior,30s
273,250274,Mr. Juan Mitchell,M,35.0,Netherlands,Dutch,Blockchain Development,6.0,75.0,1.6,1,97.0,Junior,30s
274,250275,William Gaines,M,59.0,France,French,Web Development,21.0,100.0,0.0,0,70.0,Professional,50s
275,250276,Haley Yates,F,26.0,China,Mandarin,Ui/Ux Design,4.0,100.0,3.6,0,81.0,Junior,20s
276,250277,Richard Mcguire,M,44.0,Russia,Russian,Machine Learning,18.0,20.0,4.7,1,88.0,Mid,40s
277,250278,Stephanie Fisher,F,31.0,South Africa,Afrikaans,Ui/Ux Design,12.0,40.0,2.6,1,100.0,Junior,30s
278,250279,Anthony Goodwin Dds,M,60.0,Turkey,Turkish,Data Analysis,6.0,40.0,3.2,0,95.0,Junior,50s
279,250280,Meagan Walters,F,23.0,United Kingdom,English,Blockchain Development,4.0,20.0,2.6,0,71.0,Junior,20s
280,250281,David Powell,M,42.0,Indonesia,Indonesian,Ui/Ux Design,13.0,20.0,4.7,0,85.0,Junior,40s
281,250282,Kelly Jones,F,48.0,India,Hindi,Mobile Apps,6.0,30.0,2.6,0,96.0,Junior,40s
282,250283,Dr. Michael Aguilar,M,42.0,Netherlands,Dutch,Graphic Design,10.0,20.0,2.4,1,92.0,Junior,40s
283,250284,Alex Novak,M,52.0,South Korea,Korean,Cybersecurity,20.0,50.0,2.6,0,79.0,Mid,50s
284,250285,Ann Contreras,F,55.0,Japan,Japanese,Web Development,20.0,75.0,2.9,0,79.0,Mid,50s
285,250286,Mary Reed,F,58.0,South Africa,Afrikaans,Cybersecurity,11.0,50.0,0.0,0,79.0,Junior,50s
286,250287,Lauren Ross,F,46.0,South Korea,Korean,Machine Learning,12.0,20.0,0.0,0,89.0,Junior,40s
287,250288,Candice Wise,F,45.0,Spain,Spanish,Machine Learning,1.0,100.0,1.5,1,100.0,Beginner,40s
288,250289,Joyce Humphrey,F,56.0,India,Hindi,Machine Learning,2.0,30.0,1.9,1,81.0,Beginner,50s
289,250290,James Carr,M,44.0,United Kingdom,English,Blockchain Development,13.0,100.0,3.1,1,95.0,Junior,40s
290,250291,Joseph Mendoza,M,46.0,Indonesia,Indonesian,Ui/Ux Design,0.0,40.0,1.8,0,88.0,Beginner,40s
291,250292,Cathy Baldwin,F,27.0,Japan,Japanese,Web Development,7.0,30.0,2.4,1,66.0,Junior,20s
292,250293,Christine Hart,F,49.0,India,Hindi,Blockchain Development,13.0,100.0,4.2,1,84.0,Junior,40s
293,250294,Mike Stanley,M,53.0,Mexico,Spanish,Web Development,21.0,50.0,1.4,0,79.0,Professional,50s
294,250295,Jeffrey Edwards,M,56.0,Australia,English,Web Development,19.0,40.0,1.2,1,82.0,Mid,50s
295,250296,Amy Lee,F,56.0,United Kingdom,English,Devops,34.0,50.0,2.1,1,84.0,Veteran,50s
296,250297,Mark Thompson,M,38.0,South Africa,Afrikaans,Data Analysis,3.0,100.0,1.4,0,73.0,Junior,30s
297,250298,Alex Wilson,M,20.0,South Korea,Korean,Mobile Apps,0.0,30.0,3.8,0,93.0,Beginner,20s
298,250299,Nancy Mendez,F,38.0,Canada,English,Machine Learning,20.0,50.0,0.0,0,64.0,Mid,30s
299,250300,Beth Crane,F,41.0,Netherlands,Dutch,Mobile Apps,6.0,40.0,3.5,0,76.0,Junior,40s
300,250301,Miguel Rogers,M,46.0,India,Hindi,Machine Learning,13.0,100.0,0.0,1,97.0,Junior,40s
301,250302,Thomas Robles,M,36.0,South Africa,Afrikaans,Data Analysis,9.0,75.0,2.2,0,95.0,Junior,30s
302,250303,Joel Brown Iii,M,33.0,Russia,Russian,Web Development,2.0,75.0,2.5,0,65.0,Beginner,30s
303,250304,Olivia Schultz,F,37.0,Canada,English,Graphic Design,0.0,50.0,4.7,0,77.0,Beginner,30s
304,250305,Clayton Pena,M,20.0,Egypt,Arabic,Data Analysis,0.0,20.0,3.9,0,79.0,Beginner,20s
305,250306,Ashley Salazar,F,48.0,China,Mandarin,Data Analysis,2.0,75.0,1.6,0,67.0,Beginner,40s
306,250307,Robert Lucas,M,27.0,France,French,Cybersecurity,2.0,50.0,2.6,0,84.0,Beginner,20s
307,250308,David Cox,M,34.0,South Korea,Korean,Mobile Apps,1.0,30.0,3.6,1,87.0,Beginner,30s
308,250309,Christian Campbell,M,55.0,Brazil,Portuguese,Machine Learning,14.0,30.0,1.2,1,91.0,Junior,50s
309,250310,Mrs. Angela Ward,F,44.0,South Africa,Afrikaans,Machine Learning,14.0,75.0,3.0,0,78.0,Junior,40s
310,250311,Lucas Chen,M,31.0,Netherlands,Dutch,Ui/Ux Design,2.0,50.0,3.9,0,79.0,Beginner,30s
311,250312,Ruben Nelson,M,34.0,Australia,English,Devops,1.0,40.0,1.7,0,74.0,Beginner,30s
312,250313,Brenda Briggs,F,47.0,Brazil,Portuguese,Devops,13.0,20.0,4.5,0,91.0,Junior,40s
313,250314,Ronald Smith,M,50.0,United States,English,Graphic Design,23.0,40.0,3.6,1,71.0,Professional,50s
314,250315,Dakota Giles,M,41.0,Germany,German,Cybersecurity,12.0,75.0,3.6,1,87.0,Junior,40s
315,250316,Angela Castillo,F,26.0,Argentina,Spanish,Blockchain Development,3.0,100.0,2.8,1,61.0,Junior,20s
316,250317,Allen Lee,M,26.0,Netherlands,Dutch,Devops,0.0,100.0,5.0,0,79.0,Beginner,20s
317,250318,Michael Rogers,M,32.0,Germany,German,Graphic Design,0.0,100.0,1.4,1,81.0,Beginner,30s
318,250319,Danielle Costa,F,55.0,Russia,Russian,Data Analysis,17.0,30.0,2.6,0,79.0,Mid,50s
319,250320,William Nunez,M,32.0,Argentina,Spanish,Machine Learning,9.0,40.0,4.6,1,84.0,Junior,30s
320,250321,Christopher Riggs,M,30.0,South Korea,Korean,Blockchain Development,4.0,20.0,3.3,0,79.0,Junior,30s
321,250322,Kathryn Myers,F,37.0,Canada,English,Cybersecurity,0.0,40.0,3.7,1,79.0,Beginner,30s
322,250323,Robert Walls,M,52.0,Brazil,Portuguese,Graphic Design,33.0,50.0,0.0,1,60.0,Veteran,50s
323,250324,Justin Johnson,M,48.0,India,Hindi,Cybersecurity,18.0,50.0,0.0,1,64.0,Mid,40s
324,250325,Paula Stevens,F,28.0,Japan,Japanese,Mobile Apps,9.0,40.0,2.6,1,64.0,Junior,20s
325,250326,Jennifer Allen,F,58.0,Spain,Spanish,Data Analysis,40.0,75.0,3.4,1,100.0,Veteran,50s
326,250327,Mark Hudson,M,30.0,Argentina,Spanish,Web Development,1.0,40.0,1.6,1,100.0,Beginner,30s
327,250328,Jessica Smith,F,47.0,China,Mandarin,Mobile Apps,5.0,20.0,1.9,0,79.0,Junior,40s
328,250329,Mike Dean,M,44.0,Argentina,Spanish,Ai,4.0,50.0,0.0,1,83.0,Junior,40s
329,250330,Jose Wilson,M,56.0,Italy,Italian,Machine Learning,13.0,40.0,2.6,1,87.0,Junior,50s
330,250331,Tammy Hill,F,53.0,United States,English,Mobile Apps,33.0,100.0,2.6,0,75.0,Veteran,50s
331,250332,Nathaniel Flores,M,59.0,United Kingdom,English,Mobile Apps,22.0,40.0,1.1,1,61.0,Professional,50s
332,250333,Edwin Carter,M,60.0,United States,English,Devops,34.0,50.0,2.5,0,93.0,Veteran,50s
333,250334,Patricia Miller,F,33.0,Germany,German,Mobile Apps,8.0,30.0,3.6,1,79.0,Junior,30s
334,250335,Rebecca Schneider,F,21.0,Argentina,Spanish,Web Development,1.0,20.0,2.6,0,99.0,Beginner,20s
335,250336,John Greene,M,54.0,United Kingdom,English,Ui/Ux Design,20.0,50.0,4.4,0,73.0,Mid,50s
336,250337,Brittany Mcdowell,F,33.0,United States,English,Graphic Design,11.0,75.0,2.1,0,96.0,Junior,30s
337,250338,Lori Miller,F,57.0,Turkey,Turkish,Data Analysis,2.0,40.0,0.0,0,60.0,Beginner,50s
338,250339,Joseph Robinson,M,36.0,South Korea,Korean,Graphic Design,6.0,20.0,1.0,1,64.0,Junior,30s
339,250340,Aaron Pruitt,M,50.0,Germany,German,Blockchain Development,20.0,30.0,0.0,0,79.0,Mid,50s
340,250341,Victoria Miller,F,41.0,Canada,English,Devops,12.0,20.0,4.9,0,79.0,Junior,40s
341,250342,Clarence Vega,M,53.0,Italy,Italian,Ai,4.0,30.0,4.7,0,99.0,Junior,50s
342,250343,Deborah Day,F,22.0,Italy,Italian,Blockchain Development,3.0,40.0,2.1,0,79.0,Junior,20s
343,250344,Nicole Rocha,F,55.0,Netherlands,Dutch,Mobile Apps,33.0,40.0,1.5,1,71.0,Veteran,50s
344,250345,Elijah Green,M,22.0,Australia,English,Cybersecurity,1.0,40.0,2.6,0,72.0,Beginner,20s
345,250346,Emily Johnson,F,45.0,Turkey,Turkish,Web Development,23.0,50.0,0.0,0,66.0,Professional,40s
346,250347,Richard Velasquez Jr.,M,36.0,France,French,Data Analysis,13.0,40.0,2.6,0,78.0,Junior,30s
347,250348,Kurt Wilson,M,23.0,Australia,English,Devops,1.0,20.0,4.0,1,100.0,Beginner,20s
348,250349,Jeremiah Rodriguez,M,55.0,Italy,Italian,Devops,15.0,40.0,4.5,0,79.0,Junior,50s
349,250350,Lauren Lang,F,50.0,Brazil,Portuguese,Mobile Apps,18.0,75.0,3.8,0,67.0,Mid,50s
350,250351,Matthew Phillips,M,48.0,United States,English,Machine Learning,21.0,50.0,4.0,0,78.0,Professional,40s
351,250352,Michael Andersen,M,23.0,Netherlands,Dutch,Devops,1.0,40.0,4.9,1,78.0,Beginner,20s
352,250353,Amanda Mayo,F,49.0,Canada,English,Web Development,25.0,30.0,3.4,0,75.0,Professional,40s
353,250354,Jessica Vance,F,47.0,Italy,Italian,Cybersecurity,12.0,50.0,2.1,1,67.0,Junior,40s
354,250355,Alexa Gallegos,F,56.0,Japan,Japanese,Graphic Design,32.0,40.0,0.0,1,86.0,Veteran,50s
355,250356,Charles Pratt,M,41.0,Argentina,Spanish,Ui/Ux Design,12.0,100.0,4.5,0,77.0,Junior,40s
356,250357,Brian Baker,M,32.0,South Korea,Korean,Ui/Ux Design,10.0,30.0,3.8,0,61.0,Junior,30s
357,250358,Christina Norman,F,52.0,India,Hindi,Ui/Ux Design,0.0,40.0,4.3,0,90.0,Beginner,50s
358,250359,Laura Kelly,F,22.0,China,Mandarin,Data Analysis,1.0,50.0,0.0,0,98.0,Beginner,20s
359,250360,John Webb,M,20.0,India,Hindi,Cybersecurity,2.0,30.0,2.6,1,99.0,Beginner,20s
360,250361,Christopher Burton,M,56.0,Netherlands,Dutch,Data Analysis,9.0,40.0,2.6,0,61.0,Junior,50s
361,250362,Bradley Aguilar,M,41.0,Japan,Japanese,Data Analysis,22.0,50.0,1.6,1,61.0,Professional,40s
362,250363,Arthur Vasquez,M,25.0,Argentina,Spanish,Blockchain Development,5.0,30.0,2.3,0,91.0,Junior,20s
363,250364,Angela Castro,F,44.0,Canada,English,Cybersecurity,6.0,75.0,4.6,1,72.0,Junior,40s
364,250365,Summer Yoder,F,46.0,Australia,English,Web Development,26.0,100.0,2.1,0,79.0,Veteran,40s
365,250366,Jackie Allen,F,41.0,South Korea,Korean,Blockchain Development,12.0,40.0,1.5,0,96.0,Junior,40s
366,250367,Brandon Williams,M,41.0,China,Mandarin,Ai,9.0,40.0,1.7,1,72.0,Junior,40s
367,250368,Manuel Torres,M,31.0,Japan,Japanese,Data Analysis,11.0,40.0,3.3,0,79.0,Junior,30s
368,250369,Scott Keller,M,41.0,South Korea,Korean,Machine Learning,12.0,40.0,4.3,1,63.0,Junior,40s
369,250370,Deborah Brown,F,31.0,Brazil,Portuguese,Machine Learning,3.0,20.0,2.6,0,79.0,Junior,30s
370,250371,Jennifer Lara,F,49.0,Italy,Italian,Data Analysis,15.0,75.0,2.6,0,83.0,Junior,40s
371,250372,Jason Scott,M,35.0,Mexico,Spanish,Graphic Design,12.0,20.0,4.1,0,94.0,Junior,30s
372,250373,Gregory Garrison,M,45.0,India,Hindi,Data Analysis,19.0,40.0,2.2,1,78.0,Mid,40s
373,250374,Chelsea Anderson,F,39.0,Netherlands,Dutch,Data Analysis,13.0,30.0,1.1,1,79.0,Junior,30s
374,250375,Gerald Johnson,M,41.0,Argentina,Spanish,Blockchain Development,12.0,50.0,2.1,1,82.0,Junior,40s
375,250376,Kevin Ellis,M,24.0,Germany,German,Cybersecurity,3.0,30.0,2.3,0,66.0,Junior,20s
376,250377,Mitchell Keller,M,50.0,Australia,English,Graphic Design,26.0,50.0,3.6,1,82.0,Veteran,50s
377,250378,Mary Brown,F,23.0,Germany,German,Machine Learning,4.0,20.0,4.7,1,84.0,Junior,20s
378,250379,Ronald Walls,M,27.0,Canada,English,Cybersecurity,8.0,20.0,4.8,0,81.0,Junior,20s
379,250380,Anthony Avila,M,58.0,South Africa,Afrikaans,Ai,10.0,75.0,4.2,0,71.0,Junior,50s
380,250381,Douglas Goodwin,M,37.0,Italy,Italian,Machine Learning,5.0,40.0,4.8,1,61.0,Junior,30s
381,250382,James Mills,M,39.0,Spain,Spanish,Blockchain Development,18.0,75.0,4.0,1,66.0,Mid,30s
382,250383,Nicole Marks,F,46.0,Egypt,Arabic,Data Analysis,10.0,20.0,2.5,1,97.0,Junior,40s
383,250384,Phyllis Dawson,F,26.0,United Kingdom,English,Ui/Ux Design,0.0,20.0,4.8,0,74.0,Beginner,20s
384,250385,Renee Arnold,F,39.0,Mexico,Spanish,Blockchain Development,21.0,30.0,4.7,0,61.0,Professional,30s
385,250386,Eric Robinson,M,59.0,Egypt,Arabic,Blockchain Development,25.0,20.0,4.0,0,90.0,Professional,50s
386,250387,Paul Brown,M,21.0,Netherlands,Dutch,Devops,0.0,40.0,4.1,1,97.0,Beginner,20s
387,250388,Sarah Proctor,F,23.0,Canada,English,Devops,5.0,100.0,3.2,1,79.0,Junior,20s
388,250389,Matthew Hicks,M,27.0,Egypt,Arabic,Web Development,1.0,20.0,4.3,0,76.0,Beginner,20s
389,250390,Christopher Black,M,27.0,China,Mandarin,Cybersecurity,4.0,40.0,4.4,0,92.0,Junior,20s
390,250391,Joanne Reyes,F,48.0,South Africa,Afrikaans,Data Analysis,21.0,40.0,2.3,0,79.0,Professional,40s
391,250392,Isaac Gray,M,21.0,South Africa,Afrikaans,Ai,1.0,20.0,2.4,1,66.0,Beginner,20s
392,250393,Joshua Roberts,M,41.0,Italy,Italian,Devops,12.0,50.0,4.6,0,83.0,Junior,40s
393,250394,Elizabeth Estrada,F,31.0,Germany,German,Ui/Ux Design,10.0,50.0,0.0,0,79.0,Junior,30s
394,250395,Lori Malone,F,41.0,Egypt,Arabic,Blockchain Development,21.0,50.0,0.0,1,79.0,Professional,40s
395,250396,Anthony Huynh Md,M,31.0,Russia,Russian,Cybersecurity,0.0,20.0,4.2,1,82.0,Beginner,30s
396,250397,Mindy York,F,58.0,Argentina,Spanish,Data Analysis,0.0,50.0,2.3,0,77.0,Beginner,50s
397,250398,Ms. Christine Cherry,F,45.0,Netherlands,Dutch,Data Analysis,17.0,50.0,4.7,1,73.0,Mid,40s
398,250399,Daniel Foster,M,51.0,South Korea,Korean,Cybersecurity,5.0,40.0,3.0,1,88.0,Junior,50s
399,250400,Mr. David Valencia,M,54.0,United States,English,Ui/Ux Design,3.0,30.0,2.4,0,81.0,Junior,50s
400,250401,Ethan Adams,M,22.0,Russia,Russian,Data Analysis,1.0,20.0,1.7,0,78.0,Beginner,20s
401,250402,Brett Moore,M,36.0,Turkey,Turkish,Cybersecurity,2.0,75.0,0.0,0,92.0,Beginner,30s
402,250403,Phillip Griffin,M,50.0,Germany,German,Devops,32.0,30.0,2.6,0,64.0,Veteran,50s
403,250404,Stacie Wall,F,41.0,Australia,English,Blockchain Development,14.0,30.0,0.0,1,78.0,Junior,40s
404,250405,Jacob Austin,M,41.0,South Africa,Afrikaans,Web Development,10.0,20.0,1.8,1,85.0,Junior,40s
405,250406,Sabrina Davidson,F,51.0,Netherlands,Dutch,Cybersecurity,27.0,50.0,0.0,0,78.0,Veteran,50s
406,250407,Dustin Douglas,M,21.0,France,French,Ai,2.0,30.0,3.8,1,98.0,Beginner,20s
407,250408,Steven Norris,M,51.0,Japan,Japanese,Ai,33.0,40.0,0.0,1,63.0,Veteran,50s
408,250409,Mindy Sullivan,F,37.0,Indonesia,Indonesian,Graphic Design,11.0,40.0,3.6,0,73.0,Junior,30s
409,250410,Elizabeth Stone,F,20.0,Spain,Spanish,Graphic Design,2.0,30.0,0.0,0,94.0,Beginner,20s
410,250411,Diane Flores,F,50.0,Australia,English,Web Development,31.0,50.0,4.1,0,81.0,Veteran,50s
411,250412,Jessica Erickson,F,58.0,Turkey,Turkish,Graphic Design,17.0,50.0,2.6,1,61.0,Mid,50s
412,250413,Sara Moses,F,40.0,Brazil,Portuguese,Ui/Ux Design,2.0,100.0,0.0,0,79.0,Beginner,40s
413,250414,Allison Henderson,F,26.0,Egypt,Arabic,Web Development,2.0,20.0,1.3,0,83.0,Beginner,20s
414,250415,Susan Dixon,F,44.0,South Korea,Korean,Cybersecurity,22.0,30.0,4.1,1,79.0,Professional,40s
415,250416,David Morrison,M,42.0,Mexico,Spanish,Machine Learning,8.0,50.0,2.4,0,68.0,Junior,40s
416,250417,Jason Carter,M,38.0,Mexico,Spanish,Data Analysis,9.0,50.0,0.0,0,74.0,Junior,30s
417,250418,James Jacobs,M,51.0,Egypt,Arabic,Web Development,32.0,100.0,4.4,0,91.0,Veteran,50s
418,250419,Kathleen Quinn,F,36.0,France,French,Ai,8.0,100.0,2.2,1,97.0,Junior,30s
419,250420,Natalie Frank Md,F,37.0,Australia,English,Mobile Apps,10.0,30.0,0.0,0,96.0,Junior,30s
420,250421,Michael Reed,M,31.0,South Africa,Afrikaans,Devops,0.0,50.0,1.1,1,73.0,Beginner,30s
421,250422,Sheila Smith,F,47.0,India,Hindi,Cybersecurity,22.0,50.0,1.4,1,72.0,Professional,40s
422,250423,Morgan Ford,F,60.0,Mexico,Spanish,Ui/Ux Design,34.0,100.0,0.0,1,74.0,Veteran,50s
423,250424,Linda Schultz,F,48.0,Argentina,Spanish,Mobile Apps,5.0,30.0,1.5,0,79.0,Junior,40s
424,250425,Regina Daniel,F,24.0,India,Hindi,Ai,3.0,20.0,0.0,1,79.0,Junior,20s
425,250426,Allison Perkins,F,35.0,Netherlands,Dutch,Machine Learning,10.0,75.0,0.0,0,74.0,Junior,30s
426,250427,Bradley Weaver,M,41.0,United States,English,Devops,12.0,100.0,3.5,1,71.0,Junior,40s
427,250428,Sarah Hall,F,29.0,Netherlands,Dutch,Ui/Ux Design,6.0,40.0,4.8,0,83.0,Junior,20s
428,250429,Diana Walton,F,36.0,Italy,Italian,Machine Learning,1.0,75.0,2.6,0,63.0,Beginner,30s
429,250430,Donna Davis,F,44.0,Canada,English,Ai,0.0,40.0,4.8,0,84.0,Beginner,40s
430,250431,Christopher Mcclain,M,41.0,South Africa,Afrikaans,Web Development,12.0,40.0,1.4,0,93.0,Junior,40s
431,250432,Dr. Paul Williamson,M,40.0,India,Hindi,Ai,13.0,100.0,1.1,1,79.0,Junior,40s
432,250433,Barbara Brown,F,53.0,Netherlands,Dutch,Machine Learning,13.0,50.0,3.3,1,93.0,Junior,50s
433,250434,Kimberly Allen,F,35.0,Germany,German,Blockchain Development,0.0,30.0,4.6,0,97.0,Beginner,30s
434,250435,Elizabeth Edwards,F,27.0,Argentina,Spanish,Machine Learning,7.0,75.0,2.8,1,92.0,Junior,20s
435,250436,Anthony Downs,M,34.0,Australia,English,Devops,6.0,50.0,5.0,1,92.0,Junior,30s
436,250437,Jack Ortega,M,24.0,India,Hindi,Cybersecurity,2.0,75.0,4.7,0,68.0,Beginner,20s
437,250438,Marvin Moore,M,57.0,United States,English,Ui/Ux Design,13.0,100.0,3.5,0,95.0,Junior,50s
438,250439,Tony French,M,28.0,South Korea,Korean,Ui/Ux Design,7.0,100.0,4.3,0,76.0,Junior,20s
439,250440,Stacy Hudson,F,26.0,Italy,Italian,Devops,7.0,100.0,3.3,1,66.0,Junior,20s
440,250441,Scott Washington,M,34.0,Argentina,Spanish,Mobile Apps,15.0,75.0,2.6,0,73.0,Junior,30s
441,250442,Timothy Wright,M,41.0,Japan,Japanese,Ai,12.0,20.0,2.8,0,99.0,Junior,40s
442,250443,Joseph Gonzalez,M,31.0,China,Mandarin,Graphic Design,5.0,40.0,2.7,1,94.0,Junior,30s
443,250444,Andrea Perez,F,41.0,China,Mandarin,Blockchain Development,12.0,50.0,0.0,0,84.0,Junior,40s
444,250445,Angel Collins,F,32.0,Russia,Russian,Cybersecurity,10.0,20.0,2.6,1,92.0,Junior,30s
445,250446,Daniel Terry,M,24.0,Egypt,Arabic,Devops,6.0,75.0,4.3,1,79.0,Junior,20s
446,250447,Steven Whitaker,M,35.0,United Kingdom,English,Ai,8.0,50.0,2.6,0,90.0,Junior,30s
447,250448,Denise Neal,F,22.0,Australia,English,Mobile Apps,4.0,20.0,2.6,0,73.0,Junior,20s
448,250449,Amanda Jacobs,F,55.0,Egypt,Arabic,Ai,3.0,100.0,2.6,1,73.0,Junior,50s
449,250450,Karen Mercer,F,41.0,Argentina,Spanish,Machine Learning,12.0,30.0,2.9,1,78.0,Junior,40s
450,250451,Lindsay Hudson,F,36.0,Netherlands,Dutch,Cybersecurity,11.0,30.0,0.0,1,63.0,Junior,30s
451,250452,Stephanie Armstrong,F,36.0,Netherlands,Dutch,Ai,17.0,50.0,1.3,0,64.0,Mid,30s
452,250453,Dr. Jessica Campbell,F,25.0,Argentina,Spanish,Web Development,1.0,75.0,0.0,1,79.0,Beginner,20s
453,250454,Curtis Maxwell,M,46.0,Indonesia,Indonesian,Ai,16.0,20.0,4.8,1,86.0,Mid,40s
454,250455,Adam Kelly Phd,M,41.0,Argentina,Spanish,Machine Learning,11.0,40.0,2.4,0,79.0,Junior,40s
455,250456,Julie Becker,F,21.0,Russia,Russian,Mobile Apps,3.0,100.0,4.7,0,96.0,Junior,20s
456,250457,James Moore,M,41.0,United States,English,Graphic Design,12.0,75.0,2.0,0,79.0,Junior,40s
457,250458,Danielle Barrera,F,44.0,United States,English,Mobile Apps,3.0,50.0,2.2,0,77.0,Junior,40s
458,250459,David Sanchez,M,40.0,Canada,English,Machine Learning,1.0,100.0,2.1,1,79.0,Beginner,40s
459,250460,Tiffany Bowman,F,27.0,Egypt,Arabic,Data Analysis,1.0,30.0,1.7,0,65.0,Beginner,20s
460,250461,Jesus Quinn,M,53.0,France,French,Mobile Apps,35.0,50.0,5.0,1,62.0,Veteran,50s
461,250462,Mr. Danny Morris Dds,M,20.0,Turkey,Turkish,Data Analysis,1.0,50.0,2.9,0,81.0,Beginner,20s
462,250463,Nicole York,F,41.0,Japan,Japanese,Devops,12.0,50.0,4.1,1,62.0,Junior,40s
463,250464,John Mathis,M,26.0,Mexico,Spanish,Web Development,8.0,40.0,4.9,0,87.0,Junior,20s
464,250465,Julie Barnett,F,49.0,Brazil,Portuguese,Machine Learning,13.0,100.0,2.5,0,79.0,Junior,40s
465,250466,Jasmine Harris,F,20.0,Egypt,Arabic,Data Analysis,0.0,30.0,0.0,1,76.0,Beginner,20s
466,250467,Mary Henry,F,39.0,China,Mandarin,Blockchain Development,11.0,100.0,2.8,0,70.0,Junior,30s
467,250468,Judith Riggs,F,41.0,China,Mandarin,Machine Learning,19.0,100.0,3.8,1,71.0,Mid,40s
468,250469,Justin Ruiz,M,59.0,Canada,English,Mobile Apps,30.0,30.0,4.3,1,83.0,Veteran,50s
469,250470,Jennifer Sullivan,F,45.0,Australia,English,Blockchain Development,8.0,40.0,0.0,0,78.0,Junior,40s
470,250471,Jesse Moran,M,22.0,Indonesia,Indonesian,Cybersecurity,0.0,40.0,1.3,1,78.0,Beginner,20s
471,250472,Monica Smith,F,48.0,India,Hindi,Mobile Apps,7.0,50.0,4.7,1,60.0,Junior,40s
472,250473,Ian May,M,36.0,France,French,Blockchain Development,11.0,40.0,1.3,1,79.0,Junior,30s
473,250474,Kayla Meyers,F,41.0,China,Mandarin,Blockchain Development,12.0,75.0,4.8,1,79.0,Junior,40s
474,250475,John Bray,M,42.0,United States,English,Ui/Ux Design,14.0,30.0,1.3,0,94.0,Junior,40s
475,250476,James Smith,M,31.0,Indonesia,Indonesian,Cybersecurity,11.0,50.0,4.3,0,62.0,Junior,30s
476,250477,Mark Duncan,M,52.0,Spain,Spanish,Cybersecurity,31.0,30.0,2.6,1,79.0,Veteran,50s
477,250478,Matthew Gay,M,56.0,Netherlands,Dutch,Devops,16.0,30.0,0.0,1,79.0,Mid,50s
478,250479,Cheryl Freeman,F,24.0,Netherlands,Dutch,Devops,6.0,30.0,0.0,1,84.0,Junior,20s
479,250480,Patrick Welch,M,48.0,Canada,English,Devops,21.0,75.0,2.7,1,79.0,Professional,40s
480,250481,Craig Levine,M,59.0,France,French,Cybersecurity,13.0,40.0,2.4,0,65.0,Junior,50s
481,250482,Richard Harvey,M,41.0,United Kingdom,English,Web Development,12.0,40.0,1.9,1,94.0,Junior,40s
482,250483,Bonnie Sherman,F,41.0,Netherlands,Dutch,Mobile Apps,11.0,20.0,3.6,0,69.0,Junior,40s
483,250484,Keith Trujillo,M,25.0,Netherlands,Dutch,Mobile Apps,0.0,50.0,2.9,1,65.0,Beginner,20s
484,250485,Corey Combs,M,31.0,Egypt,Arabic,Mobile Apps,2.0,75.0,2.8,0,60.0,Beginner,30s
485,250486,Antonio King,M,40.0,Turkey,Turkish,Devops,12.0,75.0,2.6,0,79.0,Junior,40s
486,250487,Amy Lee,F,48.0,Russia,Russian,Blockchain Development,13.0,100.0,2.7,0,62.0,Junior,40s
487,250488,Jennifer Rogers,F,24.0,South Africa,Afrikaans,Mobile Apps,6.0,30.0,1.1,1,79.0,Junior,20s
488,250489,Jeffrey Cooper,M,33.0,Indonesia,Indonesian,Web Development,10.0,30.0,0.0,1,89.0,Junior,30s
489,250490,Allison Williams,F,43.0,Brazil,Portuguese,Ui/Ux Design,2.0,40.0,0.0,1,89.0,Beginner,40s
490,250491,Raymond Sherman,M,43.0,Spain,Spanish,Blockchain Development,4.0,50.0,0.0,1,100.0,Junior,40s
491,250492,Jennifer Nelson,F,33.0,Australia,English,Web Development,11.0,40.0,4.6,1,79.0,Junior,30s
492,250493,Jennifer Carter,F,49.0,Russia,Russian,Ui/Ux Design,14.0,40.0,1.5,0,60.0,Junior,40s
493,250494,Todd Williams,M,55.0,Canada,English,Ui/Ux Design,10.0,40.0,2.0,0,85.0,Junior,50s
494,250495,Emily Horton,F,33.0,South Korea,Korean,Graphic Design,3.0,40.0,1.6,0,83.0,Junior,30s
495,250496,Lance Lester,M,32.0,Argentina,Spanish,Ai,3.0,30.0,1.5,0,96.0,Junior,30s
496,250497,Kevin Flores,M,58.0,Netherlands,Dutch,Blockchain Development,33.0,50.0,4.1,1,83.0,Veteran,50s
497,250498,Aaron Stewart Phd,M,49.0,Indonesia,Indonesian,Data Analysis,24.0,100.0,4.7,0,60.0,Professional,40s
498,250499,Robin Moore,F,22.0,Russia,Russian,Ui/Ux Design,3.0,100.0,3.6,1,78.0,Junior,20s
499,250500,Suzanne Ingram,F,40.0,Egypt,Arabic,Web Development,11.0,20.0,1.8,1,90.0,Junior,40s
500,250501,Jacob Mclaughlin,M,55.0,Australia,English,Data Analysis,7.0,100.0,2.1,0,66.0,Junior,50s
501,250502,Michael Nunez,M,32.0,Mexico,Spanish,Devops,1.0,50.0,2.6,1,70.0,Beginner,30s
502,250503,Isabel Brown,F,21.0,Japan,Japanese,Ui/Ux Design,0.0,30.0,4.2,1,79.0,Beginner,20s
503,250504,Michael Stein,M,23.0,South Korea,Korean,Blockchain Development,1.0,40.0,0.0,0,64.0,Beginner,20s
504,250505,Robert Stone,M,21.0,United Kingdom,English,Mobile Apps,1.0,30.0,1.0,0,81.0,Beginner,20s
505,250506,Dillon Henry,M,31.0,Argentina,Spanish,Ai,7.0,75.0,4.4,0,83.0,Junior,30s
506,250507,James Todd,M,41.0,Mexico,Spanish,Blockchain Development,12.0,40.0,4.0,0,91.0,Junior,40s
507,250508,Clifford Moore Md,M,33.0,United Kingdom,English,Cybersecurity,6.0,50.0,3.1,0,79.0,Junior,30s
508,250509,John Rios,M,57.0,Brazil,Portuguese,Web Development,5.0,75.0,1.1,1,77.0,Junior,50s
509,250510,Anthony Gaines,M,52.0,United States,English,Devops,17.0,75.0,0.0,0,94.0,Mid,50s
510,250511,Kristi Brown Dvm,F,21.0,Germany,German,Web Development,0.0,20.0,3.8,1,61.0,Beginner,20s
511,250512,Ashley Odonnell,F,36.0,Argentina,Spanish,Ui/Ux Design,8.0,100.0,1.7,0,68.0,Junior,30s
512,250513,Ronald Elliott,M,33.0,Spain,Spanish,Machine Learning,13.0,50.0,2.2,0,70.0,Junior,30s
513,250514,Lorraine Lowery,F,54.0,United Kingdom,English,Data Analysis,15.0,40.0,4.1,1,71.0,Junior,50s
514,250515,Victoria Chapman,F,33.0,United States,English,Blockchain Development,2.0,100.0,3.8,0,79.0,Beginner,30s
515,250516,Heather Davis,F,36.0,Japan,Japanese,Machine Learning,9.0,30.0,0.0,1,78.0,Junior,30s
516,250517,Diana Chase,F,36.0,Turkey,Turkish,Ai,3.0,50.0,0.0,0,75.0,Junior,30s
517,250518,Danielle Adkins,F,43.0,China,Mandarin,Ai,15.0,20.0,4.2,1,91.0,Junior,40s
518,250519,Kenneth Arias,M,52.0,United Kingdom,English,Data Analysis,21.0,75.0,2.2,1,66.0,Professional,50s
519,250520,Victoria Owen,F,28.0,Indonesia,Indonesian,Cybersecurity,2.0,75.0,1.5,1,68.0,Beginner,20s
520,250521,Christina King,F,47.0,China,Mandarin,Cybersecurity,21.0,100.0,0.0,0,79.0,Professional,40s
521,250522,Samantha King,F,30.0,France,French,Devops,0.0,100.0,4.1,0,62.0,Beginner,30s
522,250523,Scott Compton,M,36.0,Egypt,Arabic,Blockchain Development,4.0,40.0,2.6,0,90.0,Junior,30s
523,250524,Monica West,F,45.0,United States,English,Ui/Ux Design,23.0,100.0,2.4,0,96.0,Professional,40s
524,250525,Theresa Stewart,F,51.0,United States,English,Blockchain Development,25.0,50.0,1.4,1,60.0,Professional,50s
525,250526,Steven Kim,M,46.0,Turkey,Turkish,Mobile Apps,10.0,40.0,4.6,1,62.0,Junior,40s
526,250527,Kristi Knight,F,38.0,Italy,Italian,Data Analysis,18.0,40.0,4.9,0,74.0,Mid,30s
527,250528,Jason Bryant,M,26.0,Spain,Spanish,Blockchain Development,1.0,20.0,0.0,1,79.0,Beginner,20s
528,250529,Maureen Keith,F,40.0,United Kingdom,English,Devops,12.0,30.0,3.5,0,98.0,Junior,40s
529,250530,Shawn Hogan,M,41.0,Germany,German,Machine Learning,12.0,40.0,1.7,1,63.0,Junior,40s
530,250531,William Davis,M,28.0,Canada,English,Blockchain Development,5.0,50.0,0.0,1,96.0,Junior,20s
531,250532,Stacy Bailey,F,48.0,India,Hindi,Mobile Apps,28.0,20.0,0.0,0,88.0,Veteran,40s
532,250533,Thomas Dixon,M,22.0,India,Hindi,Ai,0.0,40.0,4.6,0,79.0,Beginner,20s
533,250534,Maria Hall,F,41.0,Germany,German,Web Development,14.0,40.0,1.1,1,73.0,Junior,40s
534,250535,Tony Lee,M,38.0,United States,English,Graphic Design,15.0,40.0,4.2,0,88.0,Junior,30s
535,250536,Catherine Mccoy Md,F,31.0,South Africa,Afrikaans,Ui/Ux Design,9.0,40.0,0.0,0,91.0,Junior,30s
536,250537,Maria Benitez,F,30.0,China,Mandarin,Mobile Apps,9.0,30.0,3.9,0,65.0,Junior,30s
537,250538,Joshua Chambers,M,51.0,Mexico,Spanish,Ui/Ux Design,22.0,20.0,3.4,1,90.0,Professional,50s
538,250539,Janice Daniels,F,21.0,Germany,German,Devops,0.0,20.0,2.6,0,72.0,Beginner,20s
539,250540,Carla Wood,F,20.0,Italy,Italian,Devops,1.0,40.0,2.3,1,72.0,Beginner,20s
540,250541,Kenneth Vasquez,M,30.0,Japan,Japanese,Blockchain Development,5.0,30.0,4.8,0,79.0,Junior,30s
541,250542,Kevin Smith,M,41.0,China,Mandarin,Data Analysis,0.0,40.0,4.5,0,68.0,Beginner,40s
542,250543,Thomas Kim,M,22.0,Spain,Spanish,Blockchain Development,0.0,30.0,0.0,0,87.0,Beginner,20s
543,250544,Sean Park,M,45.0,Mexico,Spanish,Cybersecurity,19.0,75.0,0.0,0,72.0,Mid,40s
544,250545,Judith Poole,F,22.0,Australia,English,Data Analysis,2.0,40.0,1.1,0,76.0,Beginner,20s
545,250546,Melanie Baird,F,20.0,Turkey,Turkish,Mobile Apps,0.0,100.0,0.0,0,63.0,Beginner,20s
546,250547,Erika Mitchell,F,20.0,Canada,English,Data Analysis,2.0,40.0,2.6,1,91.0,Beginner,20s
547,250548,Ricky Martinez,M,21.0,United Kingdom,English,Ai,0.0,100.0,2.6,0,73.0,Beginner,20s
548,250549,John Christian,M,22.0,Netherlands,Dutch,Cybersecurity,1.0,40.0,0.0,0,63.0,Beginner,20s
549,250550,Nancy Smith,F,28.0,United Kingdom,English,Devops,3.0,20.0,2.6,1,79.0,Junior,20s
550,250551,Cassandra Stephens,F,41.0,Argentina,Spanish,Ai,12.0,20.0,4.1,0,75.0,Junior,40s
551,250552,Miss Janet Donovan Md,F,28.0,France,French,Web Development,1.0,40.0,0.0,0,70.0,Beginner,20s
552,250553,Kristina Williams,F,40.0,Australia,English,Devops,0.0,100.0,1.2,0,87.0,Beginner,40s
553,250554,Wayne Barnes,M,57.0,Italy,Italian,Blockchain Development,7.0,30.0,1.6,0,79.0,Junior,50s
554,250555,James Hinton,M,47.0,Turkey,Turkish,Devops,1.0,50.0,3.9,1,88.0,Beginner,40s
555,250556,David Spence,M,48.0,South Korea,Korean,Cybersecurity,21.0,40.0,0.0,1,79.0,Professional,40s
556,250557,Tyler Cooper,M,28.0,United States,English,Ui/Ux Design,1.0,20.0,4.7,0,93.0,Beginner,20s
557,250558,Sean Martinez,M,41.0,Turkey,Turkish,Graphic Design,15.0,40.0,3.8,1,79.0,Junior,40s
558,250559,Janet Barron,F,57.0,South Africa,Afrikaans,Cybersecurity,33.0,100.0,3.5,0,74.0,Veteran,50s
559,250560,Rodney Wilson,M,60.0,Argentina,Spanish,Graphic Design,39.0,75.0,4.0,0,70.0,Veteran,50s
560,250561,Kimberly Fitzgerald,F,48.0,Egypt,Arabic,Graphic Design,21.0,30.0,1.6,1,67.0,Professional,40s
561,250562,Nicole Davis,F,24.0,France,French,Cybersecurity,5.0,40.0,3.0,0,86.0,Junior,20s
562,250563,Elizabeth Hayes,F,33.0,Mexico,Spanish,Devops,11.0,50.0,5.0,1,69.0,Junior,30s
563,250564,Kathy Faulkner,F,20.0,Turkey,Turkish,Graphic Design,0.0,30.0,4.8,1,68.0,Beginner,20s
564,250565,John Gonzales,M,59.0,United Kingdom,English,Devops,15.0,50.0,2.6,0,79.0,Junior,50s
565,250566,Shannon Luna,F,42.0,China,Mandarin,Devops,22.0,50.0,2.9,0,61.0,Professional,40s
566,250567,Stephanie Burton,F,22.0,Turkey,Turkish,Ui/Ux Design,3.0,40.0,3.0,1,96.0,Junior,20s
567,250568,Kevin Gonzales,M,41.0,Canada,English,Cybersecurity,11.0,50.0,3.5,1,68.0,Junior,40s
568,250569,Dawn Hardy,F,25.0,Argentina,Spanish,Web Development,5.0,40.0,2.6,1,75.0,Junior,20s
569,250570,Margaret Perkins,F,38.0,Canada,English,Ui/Ux Design,3.0,40.0,4.7,0,69.0,Junior,30s
570,250571,Amanda Vargas,F,43.0,United States,English,Devops,1.0,40.0,2.9,0,78.0,Beginner,40s
571,250572,Tonya Gonzalez,F,54.0,Mexico,Spanish,Ai,1.0,75.0,4.4,1,79.0,Beginner,50s
572,250573,Elizabeth Bowman,F,31.0,Indonesia,Indonesian,Mobile Apps,2.0,40.0,2.3,0,98.0,Beginner,30s
573,250574,Ariana Pittman,F,56.0,Mexico,Spanish,Ai,3.0,30.0,3.7,0,83.0,Junior,50s
574,250575,Antonio Johnson,M,46.0,Mexico,Spanish,Graphic Design,11.0,40.0,1.8,1,91.0,Junior,40s
575,250576,Justin Lang,M,41.0,Egypt,Arabic,Ai,12.0,100.0,0.0,1,96.0,Junior,40s
576,250577,Kelli Ramirez,F,28.0,South Korea,Korean,Graphic Design,2.0,50.0,2.6,1,85.0,Beginner,20s
577,250578,Deborah Torres,F,43.0,Indonesia,Indonesian,Web Development,20.0,30.0,2.7,0,72.0,Mid,40s
578,250579,Joseph Horn,M,41.0,France,French,Web Development,11.0,20.0,4.7,0,69.0,Junior,40s
579,250580,Christopher Robinson,M,41.0,United Kingdom,English,Devops,0.0,20.0,3.1,0,90.0,Beginner,40s
580,250581,Sandra Mccormick,F,40.0,United Kingdom,English,Mobile Apps,20.0,20.0,2.3,0,92.0,Mid,40s
581,250582,Michael Holland,M,45.0,Germany,German,Devops,3.0,20.0,1.3,1,91.0,Junior,40s
582,250583,Kenneth Stevenson,M,47.0,Egypt,Arabic,Devops,28.0,50.0,2.9,1,79.0,Veteran,40s
583,250584,Timothy Bennett,M,34.0,India,Hindi,Data Analysis,0.0,40.0,3.3,0,98.0,Beginner,30s
584,250585,Gregory Randall,M,47.0,United States,English,Ui/Ux Design,4.0,20.0,4.2,0,82.0,Junior,40s
585,250586,Charles Martinez,M,32.0,Mexico,Spanish,Ui/Ux Design,9.0,40.0,1.3,1,83.0,Junior,30s
586,250587,James Hall,M,28.0,United Kingdom,English,Mobile Apps,2.0,100.0,4.4,1,79.0,Beginner,20s
587,250588,Michael Garcia,M,32.0,Australia,English,Devops,1.0,100.0,3.4,1,79.0,Beginner,30s
588,250589,Michele Duran,F,49.0,Netherlands,Dutch,Ai,2.0,100.0,3.4,1,85.0,Beginner,40s
589,250590,Jessica Gray,F,36.0,Argentina,Spanish,Mobile Apps,16.0,20.0,3.2,0,79.0,Mid,30s
590,250591,Keith Shaffer,M,59.0,Mexico,Spanish,Blockchain Development,22.0,20.0,3.6,0,63.0,Professional,50s
591,250592,Jessica Decker,F,52.0,Canada,English,Cybersecurity,22.0,20.0,0.0,0,79.0,Professional,50s
592,250593,Brianna Pittman,F,24.0,China,Mandarin,Blockchain Development,5.0,40.0,1.8,1,86.0,Junior,20s
593,250594,Kimberly Hunter,F,26.0,Australia,English,Graphic Design,2.0,75.0,2.5,1,60.0,Beginner,20s
594,250595,Daniel Martin,M,55.0,Canada,English,Cybersecurity,24.0,40.0,2.0,1,88.0,Professional,50s
595,250596,Rachel Smith,F,56.0,Italy,Italian,Mobile Apps,37.0,40.0,0.0,0,70.0,Veteran,50s
596,250597,Michael Miller,M,36.0,France,French,Graphic Design,3.0,50.0,1.3,1,77.0,Junior,30s
597,250598,Willie Clark,M,48.0,Argentina,Spanish,Web Development,18.0,75.0,0.0,0,80.0,Mid,40s
598,250599,Jeremy Hernandez,M,55.0,Egypt,Arabic,Machine Learning,6.0,40.0,3.6,1,79.0,Junior,50s
599,250600,Tina Shelton,F,56.0,Spain,Spanish,Devops,17.0,40.0,1.3,0,87.0,Mid,50s
600,250601,Dr. Pamela Larson,F,28.0,Canada,English,Blockchain Development,1.0,75.0,2.7,1,93.0,Beginner,20s
601,250602,Ryan Ewing,M,60.0,United States,English,Ai,39.0,100.0,1.5,0,88.0,Veteran,50s
602,250603,Mark Cochran,M,34.0,South Korea,Korean,Blockchain Development,15.0,20.0,0.0,0,100.0,Junior,30s
603,250604,Martha Carson,F,38.0,Indonesia,Indonesian,Ai,13.0,40.0,0.0,1,61.0,Junior,30s
604,250605,Heather Jackson,F,51.0,South Korea,Korean,Web Development,17.0,100.0,3.0,0,79.0,Mid,50s
605,250606,Megan Young,F,21.0,Japan,Japanese,Mobile Apps,1.0,30.0,1.2,0,73.0,Beginner,20s
606,250607,Thomas Davis,M,35.0,Italy,Italian,Ui/Ux Design,16.0,40.0,1.3,1,64.0,Mid,30s
607,250608,Thomas Mooney,M,27.0,Brazil,Portuguese,Web Development,9.0,100.0,2.6,1,79.0,Junior,20s
608,250609,Susan Smith,F,42.0,Turkey,Turkish,Mobile Apps,20.0,50.0,3.8,0,93.0,Mid,40s
609,250610,Brianna Orr,F,52.0,Canada,English,Blockchain Development,29.0,30.0,3.8,0,68.0,Veteran,50s
610,250611,Dustin Smith,M,53.0,South Korea,Korean,Web Development,21.0,40.0,4.7,1,62.0,Professional,50s
611,250612,Sarah White,F,54.0,Italy,Italian,Mobile Apps,28.0,40.0,1.1,0,79.0,Veteran,50s
612,250613,Michael Davis,M,51.0,Japan,Japanese,Graphic Design,5.0,50.0,4.2,1,82.0,Junior,50s
613,250614,Jennifer Phillips,F,30.0,South Korea,Korean,Web Development,0.0,40.0,0.0,0,79.0,Beginner,30s
614,250615,Dana Sanders,F,45.0,Netherlands,Dutch,Machine Learning,27.0,75.0,0.0,0,85.0,Veteran,40s
615,250616,Daniel Quinn,M,57.0,Indonesia,Indonesian,Graphic Design,26.0,100.0,2.4,1,78.0,Veteran,50s
616,250617,Matthew Steele,M,38.0,Turkey,Turkish,Blockchain Development,19.0,40.0,0.0,1,86.0,Mid,30s
617,250618,Michele Taylor,F,42.0,Russia,Russian,Devops,24.0,40.0,2.6,0,88.0,Professional,40s
618,250619,Ashley Hammond,F,30.0,South Africa,Afrikaans,Devops,7.0,30.0,3.3,0,68.0,Junior,30s
619,250620,Nicole Taylor,F,43.0,Australia,English,Web Development,13.0,100.0,1.4,1,97.0,Junior,40s
620,250621,Casey Bush,M,22.0,Egypt,Arabic,Ui/Ux Design,2.0,75.0,1.7,0,91.0,Beginner,20s
621,250622,Samuel Patterson,M,57.0,Mexico,Spanish,Machine Learning,37.0,30.0,4.8,0,79.0,Veteran,50s
622,250623,Craig Dennis,M,44.0,United Kingdom,English,Graphic Design,1.0,40.0,4.8,0,97.0,Beginner,40s
623,250624,Heidi Dixon,F,46.0,China,Mandarin,Devops,5.0,30.0,2.0,1,64.0,Junior,40s
624,250625,David Bishop,M,26.0,Spain,Spanish,Blockchain Development,1.0,50.0,2.8,0,87.0,Beginner,20s
625,250626,Laura Butler,F,34.0,Australia,English,Data Analysis,2.0,100.0,0.0,0,86.0,Beginner,30s
626,250627,Denise Erickson,F,41.0,Italy,Italian,Mobile Apps,12.0,100.0,4.4,1,97.0,Junior,40s
627,250628,Nicole Austin,F,22.0,France,French,Blockchain Development,0.0,30.0,4.9,0,73.0,Beginner,20s
628,250629,Summer Williams,F,23.0,South Africa,Afrikaans,Ai,0.0,75.0,2.3,0,60.0,Beginner,20s
629,250630,Angela Blackwell,F,60.0,Turkey,Turkish,Web Development,41.0,40.0,4.9,1,66.0,Veteran,50s
630,250631,Thomas Wall,M,41.0,Canada,English,Devops,12.0,75.0,4.3,0,90.0,Junior,40s
631,250632,Sarah Anderson,F,41.0,South Korea,Korean,Ui/Ux Design,23.0,75.0,1.4,0,79.0,Professional,40s
632,250633,Christian Lane,M,24.0,France,French,Mobile Apps,0.0,100.0,2.6,0,79.0,Beginner,20s
633,250634,Todd Casey,M,44.0,Netherlands,Dutch,Machine Learning,4.0,40.0,1.3,1,77.0,Junior,40s
634,250635,David Martinez,M,52.0,China,Mandarin,Ui/Ux Design,4.0,75.0,2.3,1,79.0,Junior,50s
635,250636,Donald Salas,M,35.0,Spain,Spanish,Machine Learning,13.0,40.0,3.6,0,83.0,Junior,30s
636,250637,Emma Hicks,F,24.0,Netherlands,Dutch,Devops,2.0,50.0,2.6,0,64.0,Beginner,20s
637,250638,Alison Clark,F,46.0,Australia,English,Cybersecurity,25.0,100.0,1.3,0,80.0,Professional,40s
638,250639,Andrew Barnes,M,57.0,Mexico,Spanish,Mobile Apps,18.0,30.0,1.1,0,90.0,Mid,50s
639,250640,Gina Snyder,F,49.0,Mexico,Spanish,Web Development,24.0,50.0,0.0,0,94.0,Professional,40s
640,250641,David Watson,M,41.0,Japan,Japanese,Ai,7.0,40.0,1.8,0,70.0,Junior,40s
641,250642,John Davis,M,22.0,Mexico,Spanish,Machine Learning,1.0,20.0,2.6,1,75.0,Beginner,20s
642,250643,Joseph Thomas,M,50.0,Australia,English,Blockchain Development,17.0,75.0,3.3,1,69.0,Mid,50s
643,250644,Dean Finley,M,57.0,Germany,German,Graphic Design,4.0,30.0,4.2,0,79.0,Junior,50s
644,250645,Ashley Kemp,F,47.0,Mexico,Spanish,Ai,29.0,50.0,2.6,1,79.0,Veteran,40s
645,250646,Kenneth Evans,M,24.0,South Africa,Afrikaans,Data Analysis,2.0,100.0,3.8,1,71.0,Beginner,20s
646,250647,Brandon Newman,M,41.0,India,Hindi,Cybersecurity,9.0,100.0,4.8,1,72.0,Junior,40s
647,250648,Katie Hensley,F,50.0,Germany,German,Devops,10.0,100.0,4.3,0,93.0,Junior,50s
648,250649,Joel Randolph,M,46.0,Brazil,Portuguese,Machine Learning,20.0,40.0,4.8,1,82.0,Mid,40s
649,250650,Andrew Scott,M,51.0,Australia,English,Cybersecurity,9.0,40.0,2.6,0,60.0,Junior,50s
650,250651,Zachary Ochoa,M,51.0,United Kingdom,English,Ai,12.0,20.0,4.0,0,93.0,Junior,50s
651,250652,John Arroyo,M,27.0,United Kingdom,English,Ai,3.0,50.0,2.6,0,79.0,Junior,20s
652,250653,Matthew Fernandez,M,42.0,Spain,Spanish,Web Development,13.0,30.0,0.0,0,74.0,Junior,40s
653,250654,Benjamin Stark,M,25.0,Germany,German,Ui/Ux Design,4.0,40.0,2.3,1,73.0,Junior,20s
654,250655,Tammy Greer,F,32.0,Germany,German,Data Analysis,9.0,75.0,2.6,0,96.0,Junior,30s
655,250656,Cynthia Mckinney,F,59.0,Canada,English,Graphic Design,14.0,30.0,3.8,0,66.0,Junior,50s
656,250657,Wendy Rice,F,59.0,France,French,Cybersecurity,37.0,30.0,4.0,0,62.0,Veteran,50s
657,250658,Randy Bender,M,29.0,Germany,German,Graphic Design,2.0,75.0,2.2,1,85.0,Beginner,20s
658,250659,Richard Dominguez,M,58.0,China,Mandarin,Ai,11.0,100.0,4.3,0,66.0,Junior,50s
659,250660,Melissa Maldonado,F,56.0,Canada,English,Cybersecurity,19.0,20.0,0.0,0,87.0,Mid,50s
660,250661,Leah Harris,F,36.0,United States,English,Machine Learning,9.0,20.0,0.0,1,68.0,Junior,30s
661,250662,Lynn French,F,52.0,Canada,English,Ui/Ux Design,16.0,100.0,4.0,1,79.0,Mid,50s
662,250663,Angela Johnson,F,42.0,Netherlands,Dutch,Mobile Apps,8.0,50.0,2.6,0,79.0,Junior,40s
663,250664,Sarah Edwards,F,59.0,India,Hindi,Mobile Apps,34.0,100.0,2.0,1,79.0,Veteran,50s
664,250665,Roy Collins,M,33.0,Netherlands,Dutch,Mobile Apps,5.0,50.0,4.7,1,88.0,Junior,30s
665,250666,Samantha Porter,F,55.0,Canada,English,Web Development,14.0,50.0,3.6,1,81.0,Junior,50s
666,250667,Juan Elliott,M,47.0,South Korea,Korean,Ui/Ux Design,17.0,50.0,1.2,0,79.0,Mid,40s
667,250668,Elizabeth Phillips,F,29.0,Mexico,Spanish,Ai,10.0,40.0,4.4,1,67.0,Junior,20s
668,250669,Laura Evans,F,30.0,United Kingdom,English,Devops,8.0,100.0,1.4,1,62.0,Junior,30s
669,250670,Amanda Mitchell,F,25.0,Canada,English,Devops,1.0,30.0,3.2,0,87.0,Beginner,20s
670,250671,Sandra Williams,F,28.0,Egypt,Arabic,Cybersecurity,10.0,40.0,3.8,1,98.0,Junior,20s
671,250672,Eric Johnson,M,29.0,South Korea,Korean,Blockchain Development,0.0,75.0,1.5,1,64.0,Beginner,20s
672,250673,Javier Hobbs,M,30.0,Spain,Spanish,Graphic Design,4.0,40.0,2.8,1,71.0,Junior,30s
673,250674,Jacob Jones,M,47.0,Egypt,Arabic,Ai,2.0,50.0,2.7,0,96.0,Beginner,40s
674,250675,Zachary Murphy,M,34.0,Australia,English,Blockchain Development,10.0,30.0,3.9,0,79.0,Junior,30s
675,250676,Joshua Owens,M,45.0,United States,English,Graphic Design,16.0,100.0,4.6,0,78.0,Mid,40s
676,250677,Dawn Mitchell,F,56.0,Spain,Spanish,Cybersecurity,27.0,20.0,2.2,0,70.0,Veteran,50s
677,250678,Regina Dunn,F,49.0,China,Mandarin,Devops,20.0,50.0,2.5,0,82.0,Mid,40s
678,250679,Ernest Cole,M,48.0,France,French,Ai,10.0,40.0,3.1,0,79.0,Junior,40s
679,250680,Hannah Sanders,F,29.0,South Korea,Korean,Graphic Design,0.0,20.0,2.6,1,99.0,Beginner,20s
680,250681,Ellen Bowman,F,49.0,Netherlands,Dutch,Web Development,11.0,75.0,3.8,1,93.0,Junior,40s
681,250682,Nancy Moore,F,22.0,China,Mandarin,Blockchain Development,1.0,100.0,4.8,1,75.0,Beginner,20s
682,250683,Joseph Wood,M,52.0,Mexico,Spanish,Graphic Design,30.0,100.0,2.5,0,61.0,Veteran,50s
683,250684,Michael Harrell,M,60.0,Canada,English,Blockchain Development,7.0,30.0,0.0,0,97.0,Junior,50s
684,250685,Connie Mcclain,F,33.0,Japan,Japanese,Ui/Ux Design,0.0,100.0,1.7,1,95.0,Beginner,30s
685,250686,Matthew Baldwin,M,52.0,South Korea,Korean,Graphic Design,21.0,40.0,4.0,0,69.0,Professional,50s
686,250687,Danielle Nelson,F,25.0,Germany,German,Devops,7.0,100.0,1.9,0,63.0,Junior,20s
687,250688,Steven Moore,M,41.0,Japan,Japanese,Cybersecurity,12.0,30.0,4.4,1,65.0,Junior,40s
688,250689,Megan Hudson,F,41.0,China,Mandarin,Mobile Apps,12.0,40.0,4.2,1,90.0,Junior,40s
689,250690,Lisa Johnson,F,52.0,Canada,English,Ui/Ux Design,25.0,100.0,4.8,0,79.0,Professional,50s
690,250691,Tracy White,F,20.0,Indonesia,Indonesian,Web Development,1.0,30.0,2.0,0,89.0,Beginner,20s
691,250692,Natalie Diaz,F,43.0,Russia,Russian,Data Analysis,7.0,50.0,2.6,1,80.0,Junior,40s
692,250693,Amanda Mitchell,F,41.0,France,French,Mobile Apps,12.0,50.0,1.4,0,80.0,Junior,40s
693,250694,Karen Scott,F,29.0,Germany,German,Data Analysis,6.0,100.0,1.8,0,79.0,Junior,20s
694,250695,Mary Brown,F,53.0,South Africa,Afrikaans,Graphic Design,35.0,50.0,0.0,1,67.0,Veteran,50s
695,250696,Jon Jones,M,38.0,India,Hindi,Mobile Apps,1.0,40.0,0.0,0,96.0,Beginner,30s
696,250697,Jason Phillips,M,41.0,Spain,Spanish,Graphic Design,12.0,20.0,0.0,0,90.0,Junior,40s
697,250698,Eric Walsh,M,42.0,South Korea,Korean,Ui/Ux Design,0.0,40.0,3.9,0,62.0,Beginner,40s
698,250699,Carol Schneider,F,54.0,United States,English,Machine Learning,9.0,100.0,2.6,0,72.0,Junior,50s
699,250700,Juan Hines,M,56.0,China,Mandarin,Ui/Ux Design,18.0,50.0,4.4,1,83.0,Mid,50s
700,250701,Martha Sweeney,F,47.0,Turkey,Turkish,Graphic Design,22.0,100.0,4.4,0,70.0,Professional,40s
701,250702,Jason Weaver,M,45.0,Russia,Russian,Blockchain Development,25.0,50.0,0.0,0,99.0,Professional,40s
702,250703,Benjamin Stevens,M,45.0,China,Mandarin,Data Analysis,6.0,50.0,1.4,0,97.0,Junior,40s
703,250704,Daniel Lopez,M,35.0,Canada,English,Machine Learning,10.0,20.0,3.2,1,77.0,Junior,30s
704,250705,John Simpson,M,51.0,Canada,English,Devops,4.0,50.0,2.0,0,92.0,Junior,50s
705,250706,Katrina Schultz,F,34.0,Spain,Spanish,Mobile Apps,11.0,50.0,3.3,1,76.0,Junior,30s
706,250707,Danielle Bell,F,51.0,Indonesia,Indonesian,Graphic Design,1.0,50.0,0.0,1,97.0,Beginner,50s
707,250708,Jason Brady,M,58.0,Egypt,Arabic,Graphic Design,35.0,100.0,2.3,1,79.0,Veteran,50s
708,250709,Megan Bright,F,36.0,Netherlands,Dutch,Web Development,17.0,20.0,0.0,1,99.0,Mid,30s
709,250710,David Griffin,M,41.0,Russia,Russian,Ai,12.0,30.0,2.6,1,79.0,Junior,40s
710,250711,Michael Clark,M,56.0,South Africa,Afrikaans,Machine Learning,30.0,40.0,3.3,1,82.0,Veteran,50s
711,250712,Rebecca Barker,F,58.0,Canada,English,Cybersecurity,20.0,75.0,3.6,1,78.0,Mid,50s
712,250713,Angela Smith,F,58.0,United States,English,Cybersecurity,22.0,100.0,3.7,0,79.0,Professional,50s
713,250714,Christina Wright,F,54.0,United Kingdom,English,Ai,32.0,20.0,3.4,0,79.0,Veteran,50s
714,250715,Todd Turner,M,53.0,Australia,English,Ui/Ux Design,9.0,50.0,4.0,1,72.0,Junior,50s
715,250716,Elizabeth Green,F,43.0,Australia,English,Web Development,22.0,40.0,4.5,0,79.0,Professional,40s
716,250717,Alex Smith,M,44.0,South Korea,Korean,Machine Learning,1.0,75.0,4.3,1,79.0,Beginner,40s
717,250718,Shane Hale,M,34.0,Canada,English,Cybersecurity,4.0,75.0,4.0,1,79.0,Junior,30s
718,250719,Kathy Grimes,F,27.0,Brazil,Portuguese,Mobile Apps,8.0,50.0,1.6,1,79.0,Junior,20s
719,250720,David Cherry,M,50.0,Japan,Japanese,Data Analysis,3.0,100.0,0.0,1,79.0,Junior,50s
720,250721,Rachel Rogers,F,52.0,South Korea,Korean,Ui/Ux Design,30.0,75.0,2.6,0,94.0,Veteran,50s
721,250722,Travis Braun,M,57.0,Spain,Spanish,Blockchain Development,11.0,20.0,4.9,1,79.0,Junior,50s
722,250723,Shawna Palmer,F,53.0,Mexico,Spanish,Devops,8.0,20.0,2.8,1,79.0,Junior,50s
723,250724,Bradley Gaines,M,51.0,Turkey,Turkish,Ui/Ux Design,11.0,30.0,3.6,1,77.0,Junior,50s
724,250725,April Ford,F,37.0,Canada,English,Cybersecurity,9.0,50.0,2.6,1,84.0,Junior,30s
725,250726,James Gonzalez,M,40.0,Spain,Spanish,Web Development,7.0,40.0,4.5,0,79.0,Junior,40s
726,250727,John Castillo,M,60.0,Japan,Japanese,Data Analysis,24.0,40.0,3.1,0,69.0,Professional,50s
727,250728,Ian Hayes,M,60.0,France,French,Ui/Ux Design,0.0,40.0,4.9,1,68.0,Beginner,50s
728,250729,Christine Castro,F,53.0,South Korea,Korean,Ui/Ux Design,21.0,30.0,4.2,1,73.0,Professional,50s
729,250730,Jessica Chaney,F,20.0,Mexico,Spanish,Blockchain Development,0.0,75.0,3.2,1,74.0,Beginner,20s
730,250731,John Gray,M,42.0,Russia,Russian,Web Development,7.0,20.0,2.6,0,100.0,Junior,40s
731,250732,Shane Booker,M,21.0,United Kingdom,English,Mobile Apps,3.0,40.0,0.0,0,87.0,Junior,20s
732,250733,Kyle Hall,M,39.0,Germany,German,Web Development,21.0,100.0,2.2,0,79.0,Professional,30s
733,250734,Ronald Munoz,M,41.0,India,Hindi,Blockchain Development,12.0,30.0,1.5,0,68.0,Junior,40s
734,250735,Christopher Long,M,41.0,Germany,German,Data Analysis,12.0,100.0,2.6,0,84.0,Junior,40s
735,250736,Sandra Ali,F,35.0,France,French,Ui/Ux Design,17.0,50.0,3.1,0,71.0,Mid,30s
736,250737,Jessica Garza,F,23.0,Argentina,Spanish,Ui/Ux Design,0.0,75.0,0.0,0,92.0,Beginner,20s
737,250738,Gregory Waters,M,26.0,Netherlands,Dutch,Ai,6.0,100.0,2.6,0,69.0,Junior,20s
738,250739,Misty Adams,F,34.0,Canada,English,Machine Learning,3.0,40.0,0.0,1,71.0,Junior,30s
739,250740,Megan Brown,F,34.0,Germany,German,Blockchain Development,3.0,40.0,2.6,0,77.0,Junior,30s
740,250741,Gregory Brown,M,57.0,Italy,Italian,Web Development,31.0,50.0,3.0,1,87.0,Veteran,50s
741,250742,Scott Alexander Md,M,46.0,Canada,English,Web Development,5.0,30.0,2.6,0,76.0,Junior,40s
742,250743,Eric Nguyen,M,55.0,India,Hindi,Ai,37.0,75.0,4.1,0,79.0,Veteran,50s
743,250744,Wendy Boyer,F,32.0,Australia,English,Devops,10.0,50.0,1.5,0,65.0,Junior,30s
744,250745,Mark Clark,M,53.0,Indonesia,Indonesian,Ai,28.0,50.0,2.9,1,82.0,Veteran,50s
745,250746,Carl Kline,M,59.0,Mexico,Spanish,Ai,0.0,100.0,0.0,1,87.0,Beginner,50s
746,250747,Linda Williams,F,44.0,Netherlands,Dutch,Machine Learning,19.0,40.0,4.9,0,100.0,Mid,40s
747,250748,Jason Edwards,M,35.0,Egypt,Arabic,Blockchain Development,9.0,50.0,3.0,0,71.0,Junior,30s
748,250749,Madison Mcintosh,F,42.0,China,Mandarin,Machine Learning,5.0,30.0,4.9,1,87.0,Junior,40s
749,250750,Desiree Winters,F,58.0,South Korea,Korean,Blockchain Development,0.0,30.0,4.6,0,70.0,Beginner,50s
750,250751,Ryan Taylor,M,41.0,Netherlands,Dutch,Ai,21.0,100.0,2.2,1,83.0,Professional,40s
751,250752,Patricia Scott,F,26.0,Argentina,Spanish,Web Development,0.0,40.0,2.6,1,74.0,Beginner,20s
752,250753,Erin Jimenez,F,23.0,Canada,English,Blockchain Development,0.0,30.0,1.1,1,86.0,Beginner,20s
753,250754,Anthony Krause,M,51.0,China,Mandarin,Blockchain Development,17.0,40.0,4.5,1,72.0,Mid,50s
754,250755,Diane Dean,F,42.0,France,French,Ai,21.0,50.0,2.5,1,73.0,Professional,40s
755,250756,Stuart Mckinney,M,26.0,Japan,Japanese,Data Analysis,7.0,75.0,2.9,0,78.0,Junior,20s
756,250757,Kellie Le,F,49.0,Indonesia,Indonesian,Ai,22.0,75.0,0.0,1,79.0,Professional,40s
757,250758,Lauren Henry,F,41.0,Italy,Italian,Devops,12.0,75.0,3.5,0,75.0,Junior,40s
758,250759,Brandon Fox,M,31.0,Australia,English,Ai,1.0,40.0,4.5,0,96.0,Beginner,30s
759,250760,Richard Smith,M,51.0,South Korea,Korean,Mobile Apps,5.0,40.0,1.7,1,61.0,Junior,50s
760,250761,John White,M,60.0,China,Mandarin,Devops,40.0,50.0,4.6,1,100.0,Veteran,50s
761,250762,Gilbert Mcintyre,M,51.0,Canada,English,Blockchain Development,19.0,50.0,2.6,1,82.0,Mid,50s
762,250763,Christopher Sparks,M,37.0,Germany,German,Graphic Design,12.0,40.0,4.9,1,80.0,Junior,30s
763,250764,Aaron Hicks,M,52.0,India,Hindi,Blockchain Development,7.0,40.0,2.2,0,96.0,Junior,50s
764,250765,Jose Patterson,M,27.0,Indonesia,Indonesian,Blockchain Development,4.0,20.0,2.6,0,63.0,Junior,20s
765,250766,Bryan Long,M,48.0,Australia,English,Graphic Design,24.0,40.0,2.2,0,67.0,Professional,40s
766,250767,Tammy Gomez,F,22.0,Japan,Japanese,Data Analysis,1.0,30.0,3.3,1,61.0,Beginner,20s
767,250768,Diana Raymond,F,48.0,Germany,German,Mobile Apps,28.0,30.0,4.9,0,77.0,Veteran,40s
768,250769,Jessica Armstrong,F,54.0,United States,English,Mobile Apps,19.0,75.0,0.0,0,79.0,Mid,50s
769,250770,Amanda Martin,F,52.0,South Korea,Korean,Data Analysis,4.0,50.0,2.6,0,84.0,Junior,50s
770,250771,Anne Hamilton,F,39.0,Turkey,Turkish,Web Development,20.0,100.0,2.6,1,89.0,Mid,30s
771,250772,Heather Curtis,F,54.0,Russia,Russian,Mobile Apps,19.0,30.0,4.0,0,90.0,Mid,50s
772,250773,Tiffany Moses,F,22.0,United States,English,Cybersecurity,1.0,20.0,4.8,0,87.0,Beginner,20s
773,250774,Jacqueline Moon,F,29.0,South Africa,Afrikaans,Mobile Apps,8.0,50.0,0.0,0,77.0,Junior,20s
774,250775,James Campbell,M,23.0,Spain,Spanish,Devops,3.0,30.0,1.6,1,72.0,Junior,20s
775,250776,Melissa Vasquez,F,58.0,Mexico,Spanish,Devops,30.0,50.0,1.3,1,87.0,Veteran,50s
776,250777,Katherine Carlson,F,56.0,China,Mandarin,Blockchain Development,3.0,40.0,4.1,1,89.0,Junior,50s
777,250778,Adam Clay,M,48.0,Turkey,Turkish,Web Development,19.0,40.0,1.5,0,87.0,Mid,40s
778,250779,Amy Combs,F,31.0,Russia,Russian,Mobile Apps,11.0,40.0,4.3,1,76.0,Junior,30s
779,250780,Anthony Case,M,44.0,Australia,English,Machine Learning,26.0,50.0,1.6,0,100.0,Veteran,40s
780,250781,Kimberly Brown,F,42.0,Egypt,Arabic,Mobile Apps,10.0,100.0,3.7,1,94.0,Junior,40s
781,250782,Joshua Holloway,M,59.0,United States,English,Cybersecurity,17.0,50.0,1.4,1,79.0,Mid,50s
782,250783,Cynthia Walton,F,41.0,Argentina,Spanish,Blockchain Development,9.0,100.0,4.5,1,83.0,Junior,40s
783,250784,Shawn Delgado,M,21.0,China,Mandarin,Data Analysis,0.0,40.0,3.7,0,74.0,Beginner,20s
784,250785,Jeremy Smith,M,53.0,United Kingdom,English,Devops,5.0,75.0,1.1,0,92.0,Junior,50s
785,250786,Marc Ortiz,M,35.0,Argentina,Spanish,Mobile Apps,15.0,40.0,3.7,0,66.0,Junior,30s
786,250787,Michelle Gregory,F,25.0,Brazil,Portuguese,Machine Learning,3.0,50.0,3.2,1,74.0,Junior,20s
787,250788,Melanie Gay,F,23.0,Italy,Italian,Ui/Ux Design,1.0,30.0,5.0,0,97.0,Beginner,20s
788,250789,Brittany Lambert,F,56.0,Egypt,Arabic,Graphic Design,13.0,30.0,0.0,0,77.0,Junior,50s
789,250790,Mary Hernandez,F,31.0,Mexico,Spanish,Ui/Ux Design,6.0,40.0,3.5,0,86.0,Junior,30s
790,250791,Jonathan Jones,M,24.0,United States,English,Cybersecurity,4.0,50.0,3.1,0,95.0,Junior,20s
791,250792,Gina Williams,F,35.0,Brazil,Portuguese,Cybersecurity,7.0,40.0,3.9,0,72.0,Junior,30s
792,250793,Kelly Lawson,F,20.0,Spain,Spanish,Ai,1.0,40.0,3.5,0,71.0,Beginner,20s
793,250794,Keith Smith,M,26.0,Australia,English,Data Analysis,5.0,100.0,2.5,1,93.0,Junior,20s
794,250795,Christopher Hunter,M,54.0,United Kingdom,English,Devops,29.0,40.0,3.1,1,79.0,Veteran,50s
795,250796,Dwayne Parks,M,53.0,Russia,Russian,Cybersecurity,12.0,100.0,4.7,1,87.0,Junior,50s
796,250797,Mary Hall,F,33.0,Canada,English,Devops,4.0,40.0,1.9,0,73.0,Junior,30s
797,250798,Jake Gilmore,M,43.0,Netherlands,Dutch,Web Development,12.0,40.0,1.6,1,74.0,Junior,40s
798,250799,Mark Lopez,M,37.0,Canada,English,Devops,3.0,20.0,2.5,0,62.0,Junior,30s
799,250800,Dana Rice,F,58.0,France,French,Data Analysis,15.0,20.0,3.5,0,98.0,Junior,50s
800,250801,Beth Young,F,39.0,Spain,Spanish,Mobile Apps,15.0,50.0,2.6,0,80.0,Junior,30s
801,250802,Ryan Powell,M,43.0,Turkey,Turkish,Graphic Design,13.0,20.0,1.2,1,69.0,Junior,40s
802,250803,Amanda Fowler,F,40.0,Spain,Spanish,Blockchain Development,20.0,30.0,2.6,0,90.0,Mid,40s
803,250804,Lindsay Rivera,F,51.0,United Kingdom,English,Machine Learning,30.0,75.0,2.6,1,74.0,Veteran,50s
804,250805,Mark Ward,M,23.0,Germany,German,Ai,4.0,50.0,4.5,0,98.0,Junior,20s
805,250806,Amanda Smith,F,41.0,Indonesia,Indonesian,Graphic Design,12.0,20.0,2.6,1,84.0,Junior,40s
806,250807,Emily Brown,F,44.0,Russia,Russian,Web Development,3.0,20.0,5.0,1,75.0,Junior,40s
807,250808,Dwayne Cardenas,M,56.0,Germany,German,Mobile Apps,23.0,75.0,3.9,1,79.0,Professional,50s
808,250809,Dr. Rhonda Hernandez,F,48.0,Australia,English,Cybersecurity,5.0,100.0,1.8,1,97.0,Junior,40s
809,250810,Melody Barker,F,46.0,Russia,Russian,Web Development,28.0,30.0,4.2,1,79.0,Veteran,40s
810,250811,Russell Carpenter,M,21.0,Egypt,Arabic,Ai,0.0,20.0,2.6,0,64.0,Beginner,20s
811,250812,Richard Hill,M,52.0,Russia,Russian,Data Analysis,30.0,30.0,2.0,1,68.0,Veteran,50s
812,250813,Lindsay Potts,F,39.0,Russia,Russian,Graphic Design,20.0,75.0,2.7,1,67.0,Mid,30s
813,250814,Michelle Campbell,F,31.0,Australia,English,Mobile Apps,0.0,30.0,2.3,0,79.0,Beginner,30s
814,250815,Alan Williams,M,22.0,South Korea,Korean,Ui/Ux Design,4.0,40.0,3.8,1,100.0,Junior,20s
815,250816,Robin Hinton,F,38.0,United Kingdom,English,Ui/Ux Design,10.0,40.0,2.6,0,66.0,Junior,30s
816,250817,Brian Holland,M,44.0,Argentina,Spanish,Graphic Design,24.0,75.0,4.6,0,97.0,Professional,40s
817,250818,Adam Stone,M,53.0,Indonesia,Indonesian,Machine Learning,21.0,100.0,3.4,0,62.0,Professional,50s
818,250819,Curtis Lambert,M,22.0,China,Mandarin,Data Analysis,2.0,20.0,2.6,0,79.0,Beginner,20s
819,250820,Alexandra Sims,F,40.0,India,Hindi,Blockchain Development,14.0,75.0,0.0,1,79.0,Junior,40s
820,250821,Brenda Spencer,F,49.0,China,Mandarin,Mobile Apps,15.0,40.0,3.9,0,86.0,Junior,40s
821,250822,Joshua Bush,M,30.0,Australia,English,Ui/Ux Design,11.0,30.0,4.2,0,65.0,Junior,30s
822,250823,Erin Martin,F,37.0,Japan,Japanese,Ai,6.0,20.0,2.6,0,99.0,Junior,30s
823,250824,Alexander Hogan,M,21.0,Egypt,Arabic,Graphic Design,2.0,100.0,3.6,0,85.0,Beginner,20s
824,250825,William Harris,M,20.0,South Korea,Korean,Ai,1.0,50.0,2.6,1,81.0,Beginner,20s
825,250826,Michael Mcmahon,M,20.0,China,Mandarin,Data Analysis,2.0,40.0,2.1,0,64.0,Beginner,20s
826,250827,Michael Watson,M,20.0,Argentina,Spanish,Machine Learning,2.0,20.0,3.9,0,84.0,Beginner,20s
827,250828,Lori Perez,F,26.0,Russia,Russian,Machine Learning,2.0,40.0,0.0,0,66.0,Beginner,20s
828,250829,Lindsay Le,F,50.0,South Korea,Korean,Web Development,12.0,75.0,0.0,0,75.0,Junior,50s
829,250830,Scott Long,M,50.0,Spain,Spanish,Ai,28.0,30.0,1.8,0,79.0,Veteran,50s
830,250831,Diana Ferguson,F,54.0,Indonesia,Indonesian,Ai,4.0,20.0,1.1,1,63.0,Junior,50s
831,250832,Joseph Miller,M,54.0,Spain,Spanish,Blockchain Development,3.0,20.0,1.6,1,70.0,Junior,50s
832,250833,Julia Reid,F,34.0,Egypt,Arabic,Machine Learning,4.0,30.0,3.1,0,90.0,Junior,30s
833,250834,Samantha Matthews,F,20.0,Italy,Italian,Devops,1.0,50.0,3.4,1,79.0,Beginner,20s
834,250835,Brian Bailey,M,29.0,Germany,German,Ai,8.0,40.0,3.1,0,60.0,Junior,20s
835,250836,Toni Hinton,F,57.0,United Kingdom,English,Devops,11.0,75.0,2.3,0,79.0,Junior,50s
836,250837,Robin Ortiz,F,36.0,Netherlands,Dutch,Ai,8.0,40.0,2.6,0,80.0,Junior,30s
837,250838,Adam Griffith,M,51.0,South Korea,Korean,Web Development,32.0,50.0,3.2,0,88.0,Veteran,50s
838,250839,Daniel Roberson,M,44.0,India,Hindi,Ui/Ux Design,4.0,30.0,0.0,0,80.0,Junior,40s
839,250840,Dale Haynes,M,58.0,Spain,Spanish,Cybersecurity,33.0,30.0,3.3,1,71.0,Veteran,50s
840,250841,Emily Scott,F,38.0,South Africa,Afrikaans,Mobile Apps,14.0,40.0,1.1,1,76.0,Junior,30s
841,250842,David Brown,M,24.0,United States,English,Ui/Ux Design,6.0,30.0,4.6,1,93.0,Junior,20s
842,250843,Stephanie Guzman,F,30.0,Turkey,Turkish,Blockchain Development,5.0,30.0,2.6,0,79.0,Junior,30s
843,250844,Maxwell Johnson,M,25.0,Indonesia,Indonesian,Cybersecurity,3.0,75.0,2.6,0,83.0,Junior,20s
844,250845,Reginald Stephens,M,54.0,Indonesia,Indonesian,Mobile Apps,17.0,100.0,0.0,0,71.0,Mid,50s
845,250846,Justin Jones,M,54.0,Italy,Italian,Cybersecurity,9.0,20.0,0.0,1,96.0,Junior,50s
846,250847,Kristine Garcia,F,53.0,France,French,Graphic Design,16.0,40.0,0.0,0,79.0,Mid,50s
847,250848,John Nguyen,M,22.0,Russia,Russian,Ai,3.0,75.0,3.4,1,65.0,Junior,20s
848,250849,Anna Fleming,F,23.0,Mexico,Spanish,Data Analysis,2.0,20.0,1.3,0,79.0,Beginner,20s
849,250850,Linda Williamson,F,47.0,France,French,Cybersecurity,16.0,50.0,1.9,0,71.0,Mid,40s
850,250851,Roy Wilson,M,24.0,France,French,Web Development,6.0,50.0,1.4,1,63.0,Junior,20s
851,250852,Jennifer Pierce,F,57.0,India,Hindi,Ui/Ux Design,10.0,100.0,4.3,0,79.0,Junior,50s
852,250853,Jason Johnson,M,48.0,Spain,Spanish,Graphic Design,16.0,30.0,2.6,0,97.0,Mid,40s
853,250854,Jasmine Lane,F,21.0,Turkey,Turkish,Ui/Ux Design,0.0,100.0,4.3,0,79.0,Beginner,20s
854,250855,Evan Soto,M,33.0,Japan,Japanese,Ai,13.0,75.0,0.0,1,79.0,Junior,30s
855,250856,Kevin Serrano,M,41.0,Turkey,Turkish,Devops,12.0,40.0,1.3,0,85.0,Junior,40s
856,250857,Nathaniel Benson,M,40.0,Australia,English,Cybersecurity,13.0,50.0,2.9,0,82.0,Junior,40s
857,250858,Deanna Miles,F,40.0,Mexico,Spanish,Graphic Design,22.0,40.0,4.3,0,95.0,Professional,40s
858,250859,Beverly Roy,F,20.0,United States,English,Graphic Design,1.0,40.0,2.7,0,94.0,Beginner,20s
859,250860,Heather Saunders,F,41.0,Mexico,Spanish,Web Development,12.0,50.0,4.2,0,96.0,Junior,40s
860,250861,Nicholas Guerrero,M,32.0,Canada,English,Blockchain Development,12.0,40.0,0.0,1,63.0,Junior,30s
861,250862,Christopher Johnson,M,41.0,Japan,Japanese,Ai,12.0,20.0,2.2,0,60.0,Junior,40s
862,250863,Steven Flowers,M,46.0,Egypt,Arabic,Machine Learning,12.0,50.0,4.7,1,77.0,Junior,40s
863,250864,Marvin Woods Iii,M,29.0,China,Mandarin,Devops,0.0,30.0,0.0,0,63.0,Beginner,20s
864,250865,Michelle Cook,F,39.0,Brazil,Portuguese,Mobile Apps,18.0,20.0,2.5,1,61.0,Mid,30s
865,250866,Logan Zamora,M,55.0,Russia,Russian,Mobile Apps,2.0,50.0,3.9,1,88.0,Beginner,50s
866,250867,Casey Roberts,M,41.0,Turkey,Turkish,Cybersecurity,12.0,100.0,1.2,1,69.0,Junior,40s
867,250868,Jerry Price,M,40.0,Indonesia,Indonesian,Data Analysis,2.0,75.0,4.5,1,79.0,Beginner,40s
868,250869,Kelly Ellis,F,56.0,China,Mandarin,Ui/Ux Design,35.0,40.0,2.7,1,82.0,Veteran,50s
869,250870,Caleb Guerra,M,57.0,Mexico,Spanish,Mobile Apps,21.0,75.0,2.0,0,96.0,Professional,50s
870,250871,Samantha Norman,F,56.0,Russia,Russian,Devops,3.0,40.0,1.7,0,71.0,Junior,50s
871,250872,Sarah Clarke,F,49.0,Germany,German,Mobile Apps,24.0,75.0,3.0,1,77.0,Professional,40s
872,250873,Aaron Blair,M,41.0,Spain,Spanish,Blockchain Development,12.0,75.0,2.1,1,79.0,Junior,40s
873,250874,Courtney Burton,F,36.0,South Korea,Korean,Ui/Ux Design,0.0,75.0,1.5,0,73.0,Beginner,30s
874,250875,Gerald Taylor,M,20.0,Russia,Russian,Web Development,2.0,30.0,1.7,1,60.0,Beginner,20s
875,250876,Mary Ward,F,41.0,Spain,Spanish,Ai,12.0,40.0,1.2,1,67.0,Junior,40s
876,250877,Mrs. Lisa Beard Dvm,F,30.0,India,Hindi,Mobile Apps,6.0,75.0,0.0,0,80.0,Junior,30s
877,250878,Larry Wallace,M,51.0,Australia,English,Graphic Design,21.0,20.0,2.6,1,79.0,Professional,50s
878,250879,Jeremiah Thompson,M,46.0,United States,English,Ui/Ux Design,24.0,40.0,3.3,1,87.0,Professional,40s
879,250880,Mrs. Jessica Williams Dvm,F,25.0,South Korea,Korean,Ai,6.0,20.0,2.1,0,79.0,Junior,20s
880,250881,Martin Moreno,M,53.0,Netherlands,Dutch,Web Development,32.0,50.0,2.6,1,79.0,Veteran,50s
881,250882,Yolanda Proctor,F,50.0,Egypt,Arabic,Mobile Apps,31.0,100.0,2.9,1,89.0,Veteran,50s
882,250883,Allen Turner,M,41.0,South Korea,Korean,Ai,12.0,20.0,3.3,1,93.0,Junior,40s
883,250884,Beth Huff,F,48.0,Canada,English,Cybersecurity,24.0,100.0,4.8,1,84.0,Professional,40s
884,250885,John Mckinney,M,41.0,Indonesia,Indonesian,Devops,12.0,100.0,4.5,0,78.0,Junior,40s
885,250886,Sarah Ho,F,33.0,Netherlands,Dutch,Ui/Ux Design,6.0,50.0,3.1,0,90.0,Junior,30s
886,250887,Lindsey Wang,F,50.0,United Kingdom,English,Devops,11.0,40.0,4.9,1,88.0,Junior,50s
887,250888,Margaret Schwartz,F,41.0,Indonesia,Indonesian,Data Analysis,12.0,20.0,0.0,0,76.0,Junior,40s
888,250889,Kyle Ray,M,38.0,Italy,Italian,Web Development,14.0,75.0,1.5,0,62.0,Junior,30s
889,250890,Isaac Hebert,M,56.0,Japan,Japanese,Devops,2.0,75.0,2.4,0,79.0,Beginner,50s
890,250891,Michele Jones,F,41.0,Russia,Russian,Devops,2.0,100.0,4.5,0,75.0,Beginner,40s
891,250892,Austin Allen,M,41.0,Italy,Italian,Ui/Ux Design,11.0,100.0,2.5,1,80.0,Junior,40s
892,250893,Haley Castro,F,42.0,Germany,German,Graphic Design,13.0,30.0,3.3,0,63.0,Junior,40s
893,250894,David Armstrong,M,26.0,India,Hindi,Blockchain Development,7.0,75.0,3.0,0,84.0,Junior,20s
894,250895,Wendy Mitchell,F,44.0,Canada,English,Cybersecurity,25.0,75.0,2.7,1,78.0,Professional,40s
895,250896,Anthony Hernandez,M,46.0,Canada,English,Graphic Design,20.0,20.0,1.2,0,74.0,Mid,40s
896,250897,Erica Johnson,F,36.0,United States,English,Ui/Ux Design,8.0,50.0,4.3,0,90.0,Junior,30s
897,250898,Randall Barrett,M,26.0,Netherlands,Dutch,Ai,6.0,40.0,1.3,0,79.0,Junior,20s
898,250899,Nathan Huff,M,21.0,Germany,German,Ui/Ux Design,3.0,50.0,4.6,1,79.0,Junior,20s
899,250900,Robin Walsh,F,39.0,Indonesia,Indonesian,Ui/Ux Design,18.0,50.0,2.1,0,75.0,Mid,30s
900,250901,Yvonne Robinson,F,37.0,United States,English,Blockchain Development,18.0,40.0,4.5,0,72.0,Mid,30s
901,250902,Kathleen Hendrix,F,47.0,Russia,Russian,Ui/Ux Design,3.0,40.0,4.4,1,92.0,Junior,40s
902,250903,Jennifer Baker,F,53.0,Russia,Russian,Graphic Design,32.0,20.0,0.0,0,79.0,Veteran,50s
903,250904,Kim Martinez,F,53.0,Argentina,Spanish,Mobile Apps,19.0,20.0,1.3,0,79.0,Mid,50s
904,250905,Andrew Little,M,21.0,India,Hindi,Data Analysis,2.0,50.0,2.6,0,86.0,Beginner,20s
905,250906,Kelly Shelton,F,35.0,United Kingdom,English,Blockchain Development,0.0,40.0,2.6,1,85.0,Beginner,30s
906,250907,Steven Duncan,M,31.0,Argentina,Spanish,Machine Learning,13.0,40.0,1.2,0,62.0,Junior,30s
907,250908,Kristen Haney,F,55.0,South Korea,Korean,Ai,2.0,30.0,3.1,1,91.0,Beginner,50s
908,250909,Kathy Reese,F,59.0,Turkey,Turkish,Web Development,11.0,75.0,2.3,1,80.0,Junior,50s
909,250910,Steven Murphy,M,59.0,France,French,Cybersecurity,17.0,100.0,4.0,0,72.0,Mid,50s
910,250911,William Hartman,M,47.0,India,Hindi,Blockchain Development,10.0,75.0,1.9,0,79.0,Junior,40s
911,250912,Sonya Haley,F,53.0,South Africa,Afrikaans,Machine Learning,26.0,75.0,2.4,1,79.0,Veteran,50s
912,250913,Robert Evans,M,41.0,South Africa,Afrikaans,Data Analysis,12.0,30.0,2.6,1,74.0,Junior,40s
913,250914,Patricia Richardson,F,50.0,South Africa,Afrikaans,Mobile Apps,8.0,50.0,3.7,1,82.0,Junior,50s
914,250915,Carolyn Lopez,F,59.0,South Korea,Korean,Machine Learning,22.0,100.0,1.1,0,85.0,Professional,50s
915,250916,Kyle Burns,M,33.0,Turkey,Turkish,Data Analysis,8.0,75.0,2.3,1,68.0,Junior,30s
916,250917,Margaret Garcia,F,45.0,Canada,English,Web Development,22.0,40.0,3.7,1,99.0,Professional,40s
917,250918,Brittany Barker,F,36.0,Italy,Italian,Graphic Design,14.0,30.0,1.9,0,62.0,Junior,30s
918,250919,Paul Campbell,M,46.0,South Africa,Afrikaans,Ui/Ux Design,6.0,30.0,1.5,0,79.0,Junior,40s
919,250920,Amy Morrow,F,53.0,Turkey,Turkish,Graphic Design,14.0,30.0,0.0,0,83.0,Junior,50s
920,250921,Amy Fitzgerald,F,24.0,United States,English,Web Development,2.0,30.0,3.6,0,92.0,Beginner,20s
921,250922,Anita Becker,F,49.0,Spain,Spanish,Devops,4.0,75.0,2.1,0,85.0,Junior,40s
922,250923,Mrs. Amy Brooks,F,49.0,South Korea,Korean,Ai,4.0,75.0,2.9,0,79.0,Junior,40s
923,250924,Lori Marshall,F,49.0,South Korea,Korean,Mobile Apps,24.0,100.0,3.6,1,79.0,Professional,40s
924,250925,Jennifer Miller,F,58.0,Brazil,Portuguese,Blockchain Development,29.0,30.0,3.3,1,89.0,Veteran,50s
925,250926,Thomas Young,M,50.0,South Africa,Afrikaans,Ui/Ux Design,13.0,40.0,2.5,1,81.0,Junior,50s
926,250927,Zachary Larsen,M,27.0,South Africa,Afrikaans,Devops,1.0,100.0,3.7,1,61.0,Beginner,20s
927,250928,Valerie Gutierrez,F,41.0,South Korea,Korean,Machine Learning,12.0,30.0,4.6,1,79.0,Junior,40s
928,250929,Daniel Parker,M,52.0,Russia,Russian,Blockchain Development,15.0,40.0,0.0,1,92.0,Junior,50s
929,250930,Nicole Bennett,F,22.0,France,French,Machine Learning,2.0,30.0,2.0,0,96.0,Beginner,20s
930,250931,Lauren Lowery,F,38.0,Turkey,Turkish,Web Development,14.0,100.0,1.7,0,66.0,Junior,30s
931,250932,Alexander Woodward,M,21.0,Canada,English,Graphic Design,0.0,100.0,3.0,0,64.0,Beginner,20s
932,250933,Anthony Walter,M,41.0,Australia,English,Ai,15.0,40.0,3.4,0,100.0,Junior,40s
933,250934,Valerie Finley,F,33.0,Indonesia,Indonesian,Blockchain Development,6.0,40.0,3.2,1,95.0,Junior,30s
934,250935,Deborah Kelley,F,38.0,Mexico,Spanish,Mobile Apps,11.0,40.0,2.8,0,91.0,Junior,30s
935,250936,Kristina Miller,F,26.0,Russia,Russian,Devops,8.0,20.0,4.1,1,82.0,Junior,20s
936,250937,Anne Hampton,F,43.0,Netherlands,Dutch,Ai,3.0,20.0,0.0,1,95.0,Junior,40s
937,250938,Sandra Henry,F,21.0,Italy,Italian,Cybersecurity,0.0,40.0,0.0,1,95.0,Beginner,20s
938,250939,Tony Hester,M,47.0,South Korea,Korean,Mobile Apps,7.0,30.0,2.6,0,69.0,Junior,40s
939,250940,Nathan Davis,M,35.0,Spain,Spanish,Graphic Design,6.0,40.0,2.6,1,91.0,Junior,30s
940,250941,Erica Jackson,F,37.0,Indonesia,Indonesian,Mobile Apps,9.0,30.0,2.7,1,79.0,Junior,30s
941,250942,Nancy Glover,F,38.0,Brazil,Portuguese,Ai,15.0,40.0,4.0,0,62.0,Junior,30s
942,250943,Richard Sanchez,M,40.0,Canada,English,Data Analysis,20.0,20.0,2.5,0,81.0,Mid,40s
943,250944,Savannah Reid,F,46.0,Brazil,Portuguese,Data Analysis,16.0,75.0,0.0,0,94.0,Mid,40s
944,250945,Robert Salazar,M,56.0,Egypt,Arabic,Devops,22.0,30.0,2.6,0,95.0,Professional,50s
945,250946,Hector Greer,M,24.0,Turkey,Turkish,Graphic Design,2.0,40.0,1.6,0,100.0,Beginner,20s
946,250947,Thomas Jackson,M,26.0,Mexico,Spanish,Ai,1.0,75.0,0.0,1,94.0,Beginner,20s
947,250948,Tina Clark,F,38.0,Turkey,Turkish,Mobile Apps,8.0,30.0,4.0,1,92.0,Junior,30s
948,250949,Heather Brown,F,28.0,France,French,Devops,8.0,50.0,2.5,1,95.0,Junior,20s
949,250950,John Weaver,M,25.0,Brazil,Portuguese,Devops,7.0,20.0,3.8,0,97.0,Junior,20s
950,250951,Bradley Harris,M,41.0,United Kingdom,English,Devops,8.0,50.0,4.8,0,75.0,Junior,40s
951,250952,Cassandra Macdonald,F,45.0,Mexico,Spanish,Data Analysis,6.0,40.0,2.0,1,78.0,Junior,40s
952,250953,Matthew White,M,47.0,Turkey,Turkish,Devops,16.0,100.0,3.3,0,65.0,Mid,40s
953,250954,Miss Kimberly Marshall,F,59.0,United Kingdom,English,Data Analysis,40.0,40.0,2.5,1,70.0,Veteran,50s
954,250955,Laura Thompson,F,25.0,Canada,English,Blockchain Development,6.0,100.0,2.6,1,78.0,Junior,20s
955,250956,Nathan Soto,M,27.0,Australia,English,Web Development,3.0,50.0,2.6,1,96.0,Junior,20s
956,250957,Rhonda Hines,F,57.0,Australia,English,Ai,5.0,100.0,0.0,1,80.0,Junior,50s
957,250958,Gabrielle Bowman,F,34.0,Turkey,Turkish,Ui/Ux Design,12.0,20.0,1.6,1,64.0,Junior,30s
958,250959,Julian Edwards,M,55.0,France,French,Ui/Ux Design,33.0,50.0,0.0,0,92.0,Veteran,50s
959,250960,Nicholas Scott,M,21.0,Egypt,Arabic,Blockchain Development,1.0,100.0,0.0,1,79.0,Beginner,20s
960,250961,Daniel Green,M,53.0,Netherlands,Dutch,Devops,27.0,20.0,4.7,1,71.0,Veteran,50s
961,250962,Catherine Johnston,F,21.0,Germany,German,Ui/Ux Design,1.0,100.0,0.0,1,95.0,Beginner,20s
962,250963,Brenda Koch,F,41.0,Brazil,Portuguese,Web Development,12.0,20.0,4.1,0,86.0,Junior,40s
963,250964,Mr. Robert Meza,M,40.0,Germany,German,Ai,2.0,30.0,1.3,1,77.0,Beginner,40s
964,250965,Latoya Brown,F,59.0,United Kingdom,English,Ui/Ux Design,40.0,100.0,2.6,0,79.0,Veteran,50s
965,250966,David Osborne Iii,M,45.0,Netherlands,Dutch,Cybersecurity,4.0,20.0,2.7,0,72.0,Junior,40s
966,250967,David Hooper,M,44.0,South Korea,Korean,Machine Learning,9.0,40.0,2.6,0,70.0,Junior,40s
967,250968,Sarah Miller,F,36.0,United Kingdom,English,Cybersecurity,13.0,30.0,3.6,0,86.0,Junior,30s
968,250969,Lisa Werner Md,F,26.0,India,Hindi,Graphic Design,1.0,75.0,3.0,1,79.0,Beginner,20s
969,250970,Eric Jimenez,M,49.0,India,Hindi,Web Development,1.0,40.0,0.0,0,82.0,Beginner,40s
970,250971,Jay Bush,M,29.0,France,French,Mobile Apps,3.0,40.0,0.0,1,81.0,Junior,20s
971,250972,Johnny Rice,M,32.0,France,French,Graphic Design,1.0,40.0,3.1,1,76.0,Beginner,30s
972,250973,Matthew Strong,M,24.0,Indonesia,Indonesian,Blockchain Development,3.0,30.0,3.9,0,90.0,Junior,20s
973,250974,Mark Chandler,M,35.0,South Korea,Korean,Devops,14.0,30.0,1.6,1,67.0,Junior,30s
974,250975,Crystal Brown,F,43.0,Spain,Spanish,Blockchain Development,2.0,40.0,1.8,0,61.0,Beginner,40s
975,250976,Timothy Barton,M,53.0,South Korea,Korean,Machine Learning,27.0,100.0,3.7,0,73.0,Veteran,50s
976,250977,Lisa Hickman,F,38.0,Russia,Russian,Devops,7.0,75.0,2.6,0,79.0,Junior,30s
977,250978,Alan Mendoza,M,57.0,United Kingdom,English,Cybersecurity,29.0,75.0,4.1,0,90.0,Veteran,50s
978,250979,Jason Sanders,M,27.0,China,Mandarin,Blockchain Development,5.0,75.0,1.4,1,64.0,Junior,20s
979,250980,Charles Dean,M,43.0,Argentina,Spanish,Web Development,2.0,100.0,1.1,1,63.0,Beginner,40s
980,250981,Blake Newton,M,48.0,Canada,English,Data Analysis,18.0,40.0,3.9,0,79.0,Mid,40s
981,250982,David Gonzalez,M,26.0,Brazil,Portuguese,Cybersecurity,8.0,20.0,3.6,0,67.0,Junior,20s
982,250983,Cindy Williams,F,26.0,South Africa,Afrikaans,Graphic Design,0.0,40.0,0.0,0,97.0,Beginner,20s
983,250984,Laura Wong Dds,F,50.0,Italy,Italian,Data Analysis,16.0,75.0,4.5,0,69.0,Mid,50s
984,250985,Robert Moran,M,48.0,South Africa,Afrikaans,Web Development,8.0,50.0,2.6,1,73.0,Junior,40s
985,250986,Bradley Wu,M,60.0,Spain,Spanish,Blockchain Development,39.0,20.0,1.4,1,86.0,Veteran,50s
986,250987,Daniel Thomas,M,41.0,Egypt,Arabic,Machine Learning,12.0,50.0,0.0,1,81.0,Junior,40s
987,250988,Michelle Peterson,F,35.0,South Korea,Korean,Graphic Design,16.0,100.0,4.3,1,74.0,Mid,30s
988,250989,Seth Thomas,M,23.0,United States,English,Blockchain Development,4.0,100.0,2.2,1,64.0,Junior,20s
989,250990,Evan Ramos,M,37.0,Australia,English,Graphic Design,4.0,75.0,3.2,0,76.0,Junior,30s
990,250991,Michelle Solis,F,21.0,Argentina,Spanish,Ai,2.0,100.0,3.7,1,73.0,Beginner,20s
991,250992,Charlotte Taylor,F,58.0,Germany,German,Ui/Ux Design,37.0,50.0,4.9,0,69.0,Veteran,50s
992,250993,Sandra Preston,F,52.0,Indonesia,Indonesian,Mobile Apps,32.0,75.0,3.2,0,79.0,Veteran,50s
993,250994,Jim Weiss,M,46.0,Russia,Russian,Mobile Apps,8.0,20.0,2.2,0,89.0,Junior,40s
994,250995,Jennifer Hinton,F,34.0,South Africa,Afrikaans,Devops,8.0,30.0,3.9,1,95.0,Junior,30s
995,250996,Albert Wilcox,M,56.0,Turkey,Turkish,Devops,13.0,100.0,0.0,0,68.0,Junior,50s
996,250997,Cheryl Norris,F,26.0,Germany,German,Blockchain Development,6.0,40.0,2.8,0,82.0,Junior,20s
997,250998,Kathy Watkins,F,37.0,Japan,Japanese,Data Analysis,15.0,75.0,2.6,0,94.0,Junior,30s
998,250999,John Obrien,M,46.0,Russia,Russian,Machine Learning,22.0,100.0,2.8,1,97.0,Professional,40s
999,251000,Dawn Green,F,36.0,Mexico,Spanish,Ui/Ux Design,18.0,20.0,1.7,1,72.0,Mid,30s
